month,day_or_index,month_id,theme,motif,category,difficulty,selection_phase,availability,display_title,display_title_key,internal_id,asset_file_name,palette_count,grid_size,estimated_minutes,sort_order,prompt,notes
2,1,month-02,valentine_winter,heart_box,seasonal,easy,early,always,Heart Box,,daily_02_001_heart_box_easy,daily_02_001_heart_box_easy,4,32,4,3201,"simple heart box sticker, centered, chunky pixel art, bold readable silhouette, large fill zones, very few isolated pixels, minimal tiny details, satisfying early shape reveal, around 4 colors, cherry red, cocoa brown, blush pink, and cream palette, no background, no text",large primary shapes first; low island count; beginner-friendly fill flow
2,2,month-02,valentine_winter,ribbon_chocolate,food,easy,early,always,Ribbon Chocolate,,daily_02_002_ribbon_chocolate_easy,daily_02_002_ribbon_chocolate_easy,5,32,5,3202,"simple ribbon chocolate sticker, centered, chunky pixel art, bold readable silhouette, large fill zones, very few isolated pixels, minimal tiny details, satisfying early shape reveal, around 5 colors, cherry red, cocoa brown, blush pink, and cream palette, no background, no text",large primary shapes first; low island count; beginner-friendly fill flow
2,3,month-02,valentine_winter,strawberry_bonbon,food,easy,early,always,Strawberry Bonbon,,daily_02_003_strawberry_bonbon_easy,daily_02_003_strawberry_bonbon_easy,5,32,5,3203,"simple strawberry bonbon sticker, centered, chunky pixel art, bold readable silhouette, large fill zones, very few isolated pixels, minimal tiny details, satisfying early shape reveal, around 5 colors, cherry red, cocoa brown, blush pink, and cream palette, no background, no text",large primary shapes first; low island count; beginner-friendly fill flow
2,4,month-02,valentine_winter,cocoa_mug,food,easy,early,always,Cocoa Mug,,daily_02_004_cocoa_mug_easy,daily_02_004_cocoa_mug_easy,6,32,6,3204,"simple cocoa mug sticker, centered, chunky pixel art, bold readable silhouette, large fill zones, very few isolated pixels, minimal tiny details, satisfying early shape reveal, around 6 colors, cherry red, cocoa brown, blush pink, and cream palette, no background, no text",large primary shapes first; low island count; beginner-friendly fill flow
2,5,month-02,valentine_winter,heart_cookie,food,easy,early,always,Heart Cookie,,daily_02_005_heart_cookie_easy,daily_02_005_heart_cookie_easy,4,32,4,3205,"simple heart cookie sticker, centered, chunky pixel art, bold readable silhouette, large fill zones, very few isolated pixels, minimal tiny details, satisfying early shape reveal, around 4 colors, cherry red, cocoa brown, blush pink, and cream palette, no background, no text",large primary shapes first; low island count; beginner-friendly fill flow
2,6,month-02,valentine_winter,rose_letter,objects,easy,early,always,Rose Letter,,daily_02_006_rose_letter_easy,daily_02_006_rose_letter_easy,5,32,5,3206,"simple rose letter sticker, centered, chunky pixel art, bold readable silhouette, large fill zones, very few isolated pixels, minimal tiny details, satisfying early shape reveal, around 5 colors, cherry red, cocoa brown, blush pink, and cream palette, no background, no text",large primary shapes first; low island count; beginner-friendly fill flow
2,7,month-02,valentine_winter,snow_bunny,seasonal,easy,early,always,Snow Bunny,,daily_02_007_snow_bunny_easy,daily_02_007_snow_bunny_easy,6,32,6,3207,"simple snow bunny sticker, centered, chunky pixel art, bold readable silhouette, large fill zones, very few isolated pixels, minimal tiny details, satisfying early shape reveal, around 6 colors, cherry red, cocoa brown, blush pink, and cream palette, no background, no text",large primary shapes first; low island count; beginner-friendly fill flow
2,8,month-02,valentine_winter,mitten_cat,animals,easy,early,always,Mitten Cat,,daily_02_008_mitten_cat_easy,daily_02_008_mitten_cat_easy,4,32,4,3208,"simple mitten cat sticker, centered, chunky pixel art, bold readable silhouette, large fill zones, very few isolated pixels, minimal tiny details, satisfying early shape reveal, around 4 colors, cherry red, cocoa brown, blush pink, and cream palette, no background, no text",large primary shapes first; low island count; beginner-friendly fill flow
2,9,month-02,valentine_winter,berry_tart,food,easy,early,always,Berry Tart,,daily_02_009_berry_tart_easy,daily_02_009_berry_tart_easy,5,32,5,3209,"simple berry tart sticker, centered, chunky pixel art, bold readable silhouette, large fill zones, very few isolated pixels, minimal tiny details, satisfying early shape reveal, around 5 colors, cherry red, cocoa brown, blush pink, and cream palette, no background, no text",large primary shapes first; low island count; beginner-friendly fill flow
2,10,month-02,valentine_winter,valentine_envelope,objects,easy,early,always,Valentine Envelope,,daily_02_010_valentine_envelope_easy,daily_02_010_valentine_envelope_easy,6,32,6,3210,"simple valentine envelope sticker, centered, chunky pixel art, bold readable silhouette, large fill zones, very few isolated pixels, minimal tiny details, satisfying early shape reveal, around 6 colors, cherry red, cocoa brown, blush pink, and cream palette, no background, no text",large primary shapes first; low island count; beginner-friendly fill flow
2,11,month-02,valentine_winter,scarf_bear,animals,medium,mid,always,Scarf Bear,,daily_02_011_scarf_bear_medium,daily_02_011_scarf_bear_medium,8,32,8,3211,"simple scarf bear sticker, centered, chunky pixel art, bold readable silhouette, clean separated color regions, medium detail, a few reward accents, satisfying mid-game reveal, around 8 colors, cherry red, cocoa brown, blush pink, and cream palette, no background, no text",balanced color spread; visible silhouette from mid-progress; moderate detail
2,12,month-02,valentine_winter,cupid_arrow,objects,medium,mid,always,Cupid Arrow,,daily_02_012_cupid_arrow_medium,daily_02_012_cupid_arrow_medium,9,32,9,3212,"simple cupid arrow sticker, centered, chunky pixel art, bold readable silhouette, clean separated color regions, medium detail, a few reward accents, satisfying mid-game reveal, around 9 colors, cherry red, cocoa brown, blush pink, and cream palette, no background, no text",balanced color spread; visible silhouette from mid-progress; moderate detail
2,13,month-02,valentine_winter,cherry_truffle,food,medium,mid,always,Cherry Truffle,,daily_02_013_cherry_truffle_medium,daily_02_013_cherry_truffle_medium,7,32,7,3213,"simple cherry truffle sticker, centered, chunky pixel art, bold readable silhouette, clean separated color regions, medium detail, a few reward accents, satisfying mid-game reveal, around 7 colors, cherry red, cocoa brown, blush pink, and cream palette, no background, no text",balanced color spread; visible silhouette from mid-progress; moderate detail
2,14,month-02,valentine_winter,marshmallow_cup,objects,medium,mid,always,Marshmallow Cup,,daily_02_014_marshmallow_cup_medium,daily_02_014_marshmallow_cup_medium,8,32,8,3214,"simple marshmallow cup sticker, centered, chunky pixel art, bold readable silhouette, clean separated color regions, medium detail, a few reward accents, satisfying mid-game reveal, around 8 colors, cherry red, cocoa brown, blush pink, and cream palette, no background, no text",balanced color spread; visible silhouette from mid-progress; moderate detail
2,15,month-02,valentine_winter,heart_balloon,seasonal,medium,mid,always,Heart Balloon,,daily_02_015_heart_balloon_medium,daily_02_015_heart_balloon_medium,6,32,6,3215,"simple heart balloon sticker, centered, chunky pixel art, bold readable silhouette, clean separated color regions, medium detail, a few reward accents, satisfying mid-game reveal, around 6 colors, cherry red, cocoa brown, blush pink, and cream palette, no background, no text",balanced color spread; visible silhouette from mid-progress; moderate detail
2,16,month-02,valentine_winter,lace_cupcake,food,medium,mid,always,Lace Cupcake,,daily_02_016_lace_cupcake_medium,daily_02_016_lace_cupcake_medium,7,32,7,3216,"simple lace cupcake sticker, centered, chunky pixel art, bold readable silhouette, clean separated color regions, medium detail, a few reward accents, satisfying mid-game reveal, around 7 colors, cherry red, cocoa brown, blush pink, and cream palette, no background, no text",balanced color spread; visible silhouette from mid-progress; moderate detail
2,17,month-02,valentine_winter,ribbon_bouquet,objects,medium,mid,always,Ribbon Bouquet,,daily_02_017_ribbon_bouquet_medium,daily_02_017_ribbon_bouquet_medium,7,32,7,3217,"simple ribbon bouquet sticker, centered, chunky pixel art, bold readable silhouette, clean separated color regions, medium detail, a few reward accents, satisfying mid-game reveal, around 7 colors, cherry red, cocoa brown, blush pink, and cream palette, no background, no text",balanced color spread; visible silhouette from mid-progress; moderate detail
2,18,month-02,valentine_winter,plum_tea,food,medium,mid,always,Plum Tea,,daily_02_018_plum_tea_medium,daily_02_018_plum_tea_medium,8,32,8,3218,"simple plum tea sticker, centered, chunky pixel art, bold readable silhouette, clean separated color regions, medium detail, a few reward accents, satisfying mid-game reveal, around 8 colors, cherry red, cocoa brown, blush pink, and cream palette, no background, no text",balanced color spread; visible silhouette from mid-progress; moderate detail
2,19,month-02,valentine_winter,moon_fox,animals,medium,mid,always,Moon Fox,,daily_02_019_moon_fox_medium,daily_02_019_moon_fox_medium,6,32,6,3219,"simple moon fox sticker, centered, chunky pixel art, bold readable silhouette, clean separated color regions, medium detail, a few reward accents, satisfying mid-game reveal, around 6 colors, cherry red, cocoa brown, blush pink, and cream palette, no background, no text",balanced color spread; visible silhouette from mid-progress; moderate detail
2,20,month-02,valentine_winter,sweater_duck,animals,medium,mid,always,Sweater Duck,,daily_02_020_sweater_duck_medium,daily_02_020_sweater_duck_medium,7,32,7,3220,"simple sweater duck sticker, centered, chunky pixel art, bold readable silhouette, clean separated color regions, medium detail, a few reward accents, satisfying mid-game reveal, around 7 colors, cherry red, cocoa brown, blush pink, and cream palette, no background, no text",balanced color spread; visible silhouette from mid-progress; moderate detail
2,21,month-02,valentine_winter,chocolate_pretzel,food,medium,late,always,Chocolate Pretzel,,daily_02_021_chocolate_pretzel_medium,daily_02_021_chocolate_pretzel_medium,8,32,8,3221,"simple chocolate pretzel sticker, centered, chunky pixel art, bold readable silhouette, clean separated color regions, medium detail, a few reward accents, satisfying mid-game reveal, around 8 colors, cherry red, cocoa brown, blush pink, and cream palette, no background, no text",balanced color spread; visible silhouette from mid-progress; moderate detail
2,22,month-02,valentine_winter,gift_box,objects,medium,late,always,Gift Box,,daily_02_022_gift_box_medium,daily_02_022_gift_box_medium,9,32,9,3222,"simple gift box sticker, centered, chunky pixel art, bold readable silhouette, clean separated color regions, medium detail, a few reward accents, satisfying mid-game reveal, around 9 colors, cherry red, cocoa brown, blush pink, and cream palette, no background, no text",balanced color spread; visible silhouette from mid-progress; moderate detail
2,23,month-02,valentine_winter,cherry_sundae,food,medium,late,always,Cherry Sundae,,daily_02_023_cherry_sundae_medium,daily_02_023_cherry_sundae_medium,6,32,6,3223,"simple cherry sundae sticker, centered, chunky pixel art, bold readable silhouette, clean separated color regions, medium detail, a few reward accents, satisfying mid-game reveal, around 6 colors, cherry red, cocoa brown, blush pink, and cream palette, no background, no text",balanced color spread; visible silhouette from mid-progress; moderate detail
2,24,month-02,valentine_winter,blush_heart,seasonal,hard,late,always,Blush Heart,,daily_02_024_blush_heart_hard,daily_02_024_blush_heart_hard,14,32,13,3224,"simple blush heart sticker, centered, chunky pixel art, bold readable silhouette, layered details with clean borders, no noisy dithering, distinct color blocks, advanced but readable, around 14 colors, cherry red, cocoa brown, blush pink, and cream palette, no background, no text",late-month challenge; richer palette; detail kept readable without checkerboarding
2,25,month-02,valentine_winter,knit_hat,objects,hard,late,always,Knit Hat,,daily_02_025_knit_hat_hard,daily_02_025_knit_hat_hard,9,32,8,3225,"simple knit hat sticker, centered, chunky pixel art, bold readable silhouette, layered details with clean borders, no noisy dithering, distinct color blocks, advanced but readable, around 9 colors, cherry red, cocoa brown, blush pink, and cream palette, no background, no text",late-month challenge; richer palette; detail kept readable without checkerboarding
2,26,month-02,valentine_winter,cookie_tin,food,hard,late,always,Cookie Tin,,daily_02_026_cookie_tin_hard,daily_02_026_cookie_tin_hard,10,32,9,3226,"simple cookie tin sticker, centered, chunky pixel art, bold readable silhouette, layered details with clean borders, no noisy dithering, distinct color blocks, advanced but readable, around 10 colors, cherry red, cocoa brown, blush pink, and cream palette, no background, no text",late-month challenge; richer palette; detail kept readable without checkerboarding
2,27,month-02,valentine_winter,snowdrop_bloom,seasonal,hard,late,always,Snowdrop Bloom,,daily_02_027_snowdrop_bloom_hard,daily_02_027_snowdrop_bloom_hard,11,32,10,3227,"simple snowdrop bloom sticker, centered, chunky pixel art, bold readable silhouette, layered details with clean borders, no noisy dithering, distinct color blocks, advanced but readable, around 11 colors, cherry red, cocoa brown, blush pink, and cream palette, no background, no text",late-month challenge; richer palette; detail kept readable without checkerboarding
2,28,month-02,valentine_winter,candy_jar,food,hard,late,always,Candy Jar,,daily_02_028_candy_jar_hard,daily_02_028_candy_jar_hard,12,32,11,3228,"simple candy jar sticker, centered, chunky pixel art, bold readable silhouette, layered details with clean borders, no noisy dithering, distinct color blocks, advanced but readable, around 12 colors, cherry red, cocoa brown, blush pink, and cream palette, no background, no text",late-month challenge; richer palette; detail kept readable without checkerboarding
2,29,month-02,valentine_winter,leap_frog,animals,medium,late,leap_year_only,Leap Frog,,daily_02_029_leap_frog_medium,daily_02_029_leap_frog_medium,6,32,6,3229,"simple leap frog sticker, centered, chunky pixel art, bold readable silhouette, clean separated color regions, medium detail, a few reward accents, satisfying mid-game reveal, around 6 colors, cherry red, cocoa brown, blush pink, and cream palette, no background, no text",balanced color spread; visible silhouette from mid-progress; moderate detail
3,1,month-03,spring_blossom,hina_dolls,objects,easy,early,always,Hina Dolls,,daily_03_001_hina_dolls_easy,daily_03_001_hina_dolls_easy,4,32,4,3301,"simple hina dolls sticker, centered, chunky pixel art, bold readable silhouette, large fill zones, very few isolated pixels, minimal tiny details, satisfying early shape reveal, around 4 colors, sakura pink, sky blue, mint green, and cream palette, no background, no text",large primary shapes first; low island count; beginner-friendly fill flow
3,2,month-03,spring_blossom,peach_blossom,plants,easy,early,always,Peach Blossom,,daily_03_002_peach_blossom_easy,daily_03_002_peach_blossom_easy,5,32,5,3302,"simple peach blossom sticker, centered, chunky pixel art, bold readable silhouette, large fill zones, very few isolated pixels, minimal tiny details, satisfying early shape reveal, around 5 colors, sakura pink, sky blue, mint green, and cream palette, no background, no text",large primary shapes first; low island count; beginner-friendly fill flow
3,3,month-03,spring_blossom,sprout_boots,plants,easy,early,always,Sprout Boots,,daily_03_003_sprout_boots_easy,daily_03_003_sprout_boots_easy,5,32,5,3303,"simple sprout boots sticker, centered, chunky pixel art, bold readable silhouette, large fill zones, very few isolated pixels, minimal tiny details, satisfying early shape reveal, around 5 colors, sakura pink, sky blue, mint green, and cream palette, no background, no text",large primary shapes first; low island count; beginner-friendly fill flow
3,4,month-03,spring_blossom,songbird,animals,easy,early,always,Songbird,,daily_03_004_songbird_easy,daily_03_004_songbird_easy,6,32,6,3304,"simple songbird sticker, centered, chunky pixel art, bold readable silhouette, large fill zones, very few isolated pixels, minimal tiny details, satisfying early shape reveal, around 6 colors, sakura pink, sky blue, mint green, and cream palette, no background, no text",large primary shapes first; low island count; beginner-friendly fill flow
3,5,month-03,spring_blossom,sakura_branch,plants,easy,early,always,Sakura Branch,,daily_03_005_sakura_branch_easy,daily_03_005_sakura_branch_easy,4,32,4,3305,"simple sakura branch sticker, centered, chunky pixel art, bold readable silhouette, large fill zones, very few isolated pixels, minimal tiny details, satisfying early shape reveal, around 4 colors, sakura pink, sky blue, mint green, and cream palette, no background, no text",large primary shapes first; low island count; beginner-friendly fill flow
3,6,month-03,spring_blossom,graduation_cap,objects,easy,early,always,Graduation Cap,,daily_03_006_graduation_cap_easy,daily_03_006_graduation_cap_easy,5,32,5,3306,"simple graduation cap sticker, centered, chunky pixel art, bold readable silhouette, large fill zones, very few isolated pixels, minimal tiny details, satisfying early shape reveal, around 5 colors, sakura pink, sky blue, mint green, and cream palette, no background, no text",large primary shapes first; low island count; beginner-friendly fill flow
3,7,month-03,spring_blossom,ribbon_badge,objects,easy,early,always,Ribbon Badge,,daily_03_007_ribbon_badge_easy,daily_03_007_ribbon_badge_easy,6,32,6,3307,"simple ribbon badge sticker, centered, chunky pixel art, bold readable silhouette, large fill zones, very few isolated pixels, minimal tiny details, satisfying early shape reveal, around 6 colors, sakura pink, sky blue, mint green, and cream palette, no background, no text",large primary shapes first; low island count; beginner-friendly fill flow
3,8,month-03,spring_blossom,blossom_teacup,food,easy,early,always,Blossom Teacup,,daily_03_008_blossom_teacup_easy,daily_03_008_blossom_teacup_easy,4,32,4,3308,"simple blossom teacup sticker, centered, chunky pixel art, bold readable silhouette, large fill zones, very few isolated pixels, minimal tiny details, satisfying early shape reveal, around 4 colors, sakura pink, sky blue, mint green, and cream palette, no background, no text",large primary shapes first; low island count; beginner-friendly fill flow
3,9,month-03,spring_blossom,nest_egg,objects,easy,early,always,Nest Egg,,daily_03_009_nest_egg_easy,daily_03_009_nest_egg_easy,5,32,5,3309,"simple nest egg sticker, centered, chunky pixel art, bold readable silhouette, large fill zones, very few isolated pixels, minimal tiny details, satisfying early shape reveal, around 5 colors, sakura pink, sky blue, mint green, and cream palette, no background, no text",large primary shapes first; low island count; beginner-friendly fill flow
3,10,month-03,spring_blossom,tulip_bud,plants,easy,early,always,Tulip Bud,,daily_03_010_tulip_bud_easy,daily_03_010_tulip_bud_easy,6,32,6,3310,"simple tulip bud sticker, centered, chunky pixel art, bold readable silhouette, large fill zones, very few isolated pixels, minimal tiny details, satisfying early shape reveal, around 6 colors, sakura pink, sky blue, mint green, and cream palette, no background, no text",large primary shapes first; low island count; beginner-friendly fill flow
3,11,month-03,spring_blossom,notebook_flower,plants,easy,mid,always,Notebook Flower,,daily_03_011_notebook_flower_easy,daily_03_011_notebook_flower_easy,5,32,5,3311,"simple notebook flower sticker, centered, chunky pixel art, bold readable silhouette, large fill zones, very few isolated pixels, minimal tiny details, satisfying early shape reveal, around 5 colors, sakura pink, sky blue, mint green, and cream palette, no background, no text",large primary shapes first; low island count; beginner-friendly fill flow
3,12,month-03,spring_blossom,pastel_umbrella,objects,medium,mid,always,Pastel Umbrella,,daily_03_012_pastel_umbrella_medium,daily_03_012_pastel_umbrella_medium,9,32,9,3312,"simple pastel umbrella sticker, centered, chunky pixel art, bold readable silhouette, clean separated color regions, medium detail, a few reward accents, satisfying mid-game reveal, around 9 colors, sakura pink, sky blue, mint green, and cream palette, no background, no text",balanced color spread; visible silhouette from mid-progress; moderate detail
3,13,month-03,spring_blossom,cloud_rabbit,animals,medium,mid,always,Cloud Rabbit,,daily_03_013_cloud_rabbit_medium,daily_03_013_cloud_rabbit_medium,7,32,7,3313,"simple cloud rabbit sticker, centered, chunky pixel art, bold readable silhouette, clean separated color regions, medium detail, a few reward accents, satisfying mid-game reveal, around 7 colors, sakura pink, sky blue, mint green, and cream palette, no background, no text",balanced color spread; visible silhouette from mid-progress; moderate detail
3,14,month-03,spring_blossom,school_bag,objects,medium,mid,always,School Bag,,daily_03_014_school_bag_medium,daily_03_014_school_bag_medium,8,32,8,3314,"simple school bag sticker, centered, chunky pixel art, bold readable silhouette, clean separated color regions, medium detail, a few reward accents, satisfying mid-game reveal, around 8 colors, sakura pink, sky blue, mint green, and cream palette, no background, no text",balanced color spread; visible silhouette from mid-progress; moderate detail
3,15,month-03,spring_blossom,cherry_parfait,food,medium,mid,always,Cherry Parfait,,daily_03_015_cherry_parfait_medium,daily_03_015_cherry_parfait_medium,6,32,6,3315,"simple cherry parfait sticker, centered, chunky pixel art, bold readable silhouette, clean separated color regions, medium detail, a few reward accents, satisfying mid-game reveal, around 6 colors, sakura pink, sky blue, mint green, and cream palette, no background, no text",balanced color spread; visible silhouette from mid-progress; moderate detail
3,16,month-03,spring_blossom,pinwheel,objects,medium,mid,always,Pinwheel,,daily_03_016_pinwheel_medium,daily_03_016_pinwheel_medium,7,32,7,3316,"simple pinwheel sticker, centered, chunky pixel art, bold readable silhouette, clean separated color regions, medium detail, a few reward accents, satisfying mid-game reveal, around 7 colors, sakura pink, sky blue, mint green, and cream palette, no background, no text",balanced color spread; visible silhouette from mid-progress; moderate detail
3,17,month-03,spring_blossom,canary,animals,medium,mid,always,Canary,,daily_03_017_canary_medium,daily_03_017_canary_medium,7,32,7,3317,"simple canary sticker, centered, chunky pixel art, bold readable silhouette, clean separated color regions, medium detail, a few reward accents, satisfying mid-game reveal, around 7 colors, sakura pink, sky blue, mint green, and cream palette, no background, no text",balanced color spread; visible silhouette from mid-progress; moderate detail
3,18,month-03,spring_blossom,paper_crane,animals,medium,mid,always,Paper Crane,,daily_03_018_paper_crane_medium,daily_03_018_paper_crane_medium,8,32,8,3318,"simple paper crane sticker, centered, chunky pixel art, bold readable silhouette, clean separated color regions, medium detail, a few reward accents, satisfying mid-game reveal, around 8 colors, sakura pink, sky blue, mint green, and cream palette, no background, no text",balanced color spread; visible silhouette from mid-progress; moderate detail
3,19,month-03,spring_blossom,sakura_lantern,seasonal,medium,mid,always,Sakura Lantern,,daily_03_019_sakura_lantern_medium,daily_03_019_sakura_lantern_medium,6,32,6,3319,"simple sakura lantern sticker, centered, chunky pixel art, bold readable silhouette, clean separated color regions, medium detail, a few reward accents, satisfying mid-game reveal, around 6 colors, sakura pink, sky blue, mint green, and cream palette, no background, no text",balanced color spread; visible silhouette from mid-progress; moderate detail
3,20,month-03,spring_blossom,clover_cap,plants,medium,mid,always,Clover Cap,,daily_03_020_clover_cap_medium,daily_03_020_clover_cap_medium,7,32,7,3320,"simple clover cap sticker, centered, chunky pixel art, bold readable silhouette, clean separated color regions, medium detail, a few reward accents, satisfying mid-game reveal, around 7 colors, sakura pink, sky blue, mint green, and cream palette, no background, no text",balanced color spread; visible silhouette from mid-progress; moderate detail
3,21,month-03,spring_blossom,pastel_macaron,objects,medium,late,always,Pastel Macaron,,daily_03_021_pastel_macaron_medium,daily_03_021_pastel_macaron_medium,8,32,8,3321,"simple pastel macaron sticker, centered, chunky pixel art, bold readable silhouette, clean separated color regions, medium detail, a few reward accents, satisfying mid-game reveal, around 8 colors, sakura pink, sky blue, mint green, and cream palette, no background, no text",balanced color spread; visible silhouette from mid-progress; moderate detail
3,22,month-03,spring_blossom,picnic_kettle,objects,medium,late,always,Picnic Kettle,,daily_03_022_picnic_kettle_medium,daily_03_022_picnic_kettle_medium,9,32,9,3322,"simple picnic kettle sticker, centered, chunky pixel art, bold readable silhouette, clean separated color regions, medium detail, a few reward accents, satisfying mid-game reveal, around 9 colors, sakura pink, sky blue, mint green, and cream palette, no background, no text",balanced color spread; visible silhouette from mid-progress; moderate detail
3,23,month-03,spring_blossom,bud_vase,objects,medium,late,always,Bud Vase,,daily_03_023_bud_vase_medium,daily_03_023_bud_vase_medium,6,32,6,3323,"simple bud vase sticker, centered, chunky pixel art, bold readable silhouette, clean separated color regions, medium detail, a few reward accents, satisfying mid-game reveal, around 6 colors, sakura pink, sky blue, mint green, and cream palette, no background, no text",balanced color spread; visible silhouette from mid-progress; moderate detail
3,24,month-03,spring_blossom,letter_note,objects,medium,late,always,Letter Note,,daily_03_024_letter_note_medium,daily_03_024_letter_note_medium,7,32,7,3324,"simple letter note sticker, centered, chunky pixel art, bold readable silhouette, clean separated color regions, medium detail, a few reward accents, satisfying mid-game reveal, around 7 colors, sakura pink, sky blue, mint green, and cream palette, no background, no text",balanced color spread; visible silhouette from mid-progress; moderate detail
3,25,month-03,spring_blossom,blossom_bento,plants,medium,late,always,Blossom Bento,,daily_03_025_blossom_bento_medium,daily_03_025_blossom_bento_medium,8,32,8,3325,"simple blossom bento sticker, centered, chunky pixel art, bold readable silhouette, clean separated color regions, medium detail, a few reward accents, satisfying mid-game reveal, around 8 colors, sakura pink, sky blue, mint green, and cream palette, no background, no text",balanced color spread; visible silhouette from mid-progress; moderate detail
3,26,month-03,spring_blossom,swan_feather,objects,hard,late,always,Swan Feather,,daily_03_026_swan_feather_hard,daily_03_026_swan_feather_hard,10,32,9,3326,"simple swan feather sticker, centered, chunky pixel art, bold readable silhouette, layered details with clean borders, no noisy dithering, distinct color blocks, advanced but readable, around 10 colors, sakura pink, sky blue, mint green, and cream palette, no background, no text",late-month challenge; richer palette; detail kept readable without checkerboarding
3,27,month-03,spring_blossom,study_cat,animals,hard,late,always,Study Cat,,daily_03_027_study_cat_hard,daily_03_027_study_cat_hard,11,32,10,3327,"simple study cat sticker, centered, chunky pixel art, bold readable silhouette, layered details with clean borders, no noisy dithering, distinct color blocks, advanced but readable, around 11 colors, sakura pink, sky blue, mint green, and cream palette, no background, no text",late-month challenge; richer palette; detail kept readable without checkerboarding
3,28,month-03,spring_blossom,seed_packet,plants,hard,late,always,Seed Packet,,daily_03_028_seed_packet_hard,daily_03_028_seed_packet_hard,12,32,11,3328,"simple seed packet sticker, centered, chunky pixel art, bold readable silhouette, layered details with clean borders, no noisy dithering, distinct color blocks, advanced but readable, around 12 colors, sakura pink, sky blue, mint green, and cream palette, no background, no text",late-month challenge; richer palette; detail kept readable without checkerboarding
3,29,month-03,spring_blossom,farewell_bouquet,objects,hard,late,always,Farewell Bouquet,,daily_03_029_farewell_bouquet_hard,daily_03_029_farewell_bouquet_hard,13,32,12,3329,"simple farewell bouquet sticker, centered, chunky pixel art, bold readable silhouette, layered details with clean borders, no noisy dithering, distinct color blocks, advanced but readable, around 13 colors, sakura pink, sky blue, mint green, and cream palette, no background, no text",late-month challenge; richer palette; detail kept readable without checkerboarding
3,30,month-03,spring_blossom,tiny_kite,seasonal,hard,late,always,Tiny Kite,,daily_03_030_tiny_kite_hard,daily_03_030_tiny_kite_hard,14,32,13,3330,"simple tiny kite sticker, centered, chunky pixel art, bold readable silhouette, layered details with clean borders, no noisy dithering, distinct color blocks, advanced but readable, around 14 colors, sakura pink, sky blue, mint green, and cream palette, no background, no text",late-month challenge; richer palette; detail kept readable without checkerboarding
3,31,month-03,spring_blossom,spring_puddle,seasonal,hard,late,always,Spring Puddle,,daily_03_031_spring_puddle_hard,daily_03_031_spring_puddle_hard,9,32,8,3331,"simple spring puddle sticker, centered, chunky pixel art, bold readable silhouette, layered details with clean borders, no noisy dithering, distinct color blocks, advanced but readable, around 9 colors, sakura pink, sky blue, mint green, and cream palette, no background, no text",late-month challenge; richer palette; detail kept readable without checkerboarding
4,1,month-04,fresh_start_spring,school_satchel,objects,easy,early,always,School Satchel,,daily_04_001_school_satchel_easy,daily_04_001_school_satchel_easy,4,32,4,3401,"simple school satchel sticker, centered, chunky pixel art, bold readable silhouette, large fill zones, very few isolated pixels, minimal tiny details, satisfying early shape reveal, around 4 colors, fresh yellow, leaf green, sky blue, and cream palette, no background, no text",large primary shapes first; low island count; beginner-friendly fill flow
4,2,month-04,fresh_start_spring,cherry_notebook,objects,easy,early,always,Cherry Notebook,,daily_04_002_cherry_notebook_easy,daily_04_002_cherry_notebook_easy,5,32,5,3402,"simple cherry notebook sticker, centered, chunky pixel art, bold readable silhouette, large fill zones, very few isolated pixels, minimal tiny details, satisfying early shape reveal, around 5 colors, fresh yellow, leaf green, sky blue, and cream palette, no background, no text",large primary shapes first; low island count; beginner-friendly fill flow
4,3,month-04,fresh_start_spring,dandelion_puff,objects,easy,early,always,Dandelion Puff,,daily_04_003_dandelion_puff_easy,daily_04_003_dandelion_puff_easy,5,32,5,3403,"simple dandelion puff sticker, centered, chunky pixel art, bold readable silhouette, large fill zones, very few isolated pixels, minimal tiny details, satisfying early shape reveal, around 5 colors, fresh yellow, leaf green, sky blue, and cream palette, no background, no text",large primary shapes first; low island count; beginner-friendly fill flow
4,4,month-04,fresh_start_spring,yellow_butterfly,objects,easy,early,always,Yellow Butterfly,,daily_04_004_yellow_butterfly_easy,daily_04_004_yellow_butterfly_easy,6,32,6,3404,"simple yellow butterfly sticker, centered, chunky pixel art, bold readable silhouette, large fill zones, very few isolated pixels, minimal tiny details, satisfying early shape reveal, around 6 colors, fresh yellow, leaf green, sky blue, and cream palette, no background, no text",large primary shapes first; low island count; beginner-friendly fill flow
4,5,month-04,fresh_start_spring,rain_boots,objects,easy,early,always,Rain Boots,,daily_04_005_rain_boots_easy,daily_04_005_rain_boots_easy,4,32,4,3405,"simple rain boots sticker, centered, chunky pixel art, bold readable silhouette, large fill zones, very few isolated pixels, minimal tiny details, satisfying early shape reveal, around 4 colors, fresh yellow, leaf green, sky blue, and cream palette, no background, no text",large primary shapes first; low island count; beginner-friendly fill flow
4,6,month-04,fresh_start_spring,bunny_pencil,objects,easy,early,always,Bunny Pencil,,daily_04_006_bunny_pencil_easy,daily_04_006_bunny_pencil_easy,5,32,5,3406,"simple bunny pencil sticker, centered, chunky pixel art, bold readable silhouette, large fill zones, very few isolated pixels, minimal tiny details, satisfying early shape reveal, around 5 colors, fresh yellow, leaf green, sky blue, and cream palette, no background, no text",large primary shapes first; low island count; beginner-friendly fill flow
4,7,month-04,fresh_start_spring,daisy_pin,plants,easy,early,always,Daisy Pin,,daily_04_007_daisy_pin_easy,daily_04_007_daisy_pin_easy,6,32,6,3407,"simple daisy pin sticker, centered, chunky pixel art, bold readable silhouette, large fill zones, very few isolated pixels, minimal tiny details, satisfying early shape reveal, around 6 colors, fresh yellow, leaf green, sky blue, and cream palette, no background, no text",large primary shapes first; low island count; beginner-friendly fill flow
4,8,month-04,fresh_start_spring,sprout_mug,plants,easy,early,always,Sprout Mug,,daily_04_008_sprout_mug_easy,daily_04_008_sprout_mug_easy,4,32,4,3408,"simple sprout mug sticker, centered, chunky pixel art, bold readable silhouette, large fill zones, very few isolated pixels, minimal tiny details, satisfying early shape reveal, around 4 colors, fresh yellow, leaf green, sky blue, and cream palette, no background, no text",large primary shapes first; low island count; beginner-friendly fill flow
4,9,month-04,fresh_start_spring,striped_kite,seasonal,easy,early,always,Striped Kite,,daily_04_009_striped_kite_easy,daily_04_009_striped_kite_easy,5,32,5,3409,"simple striped kite sticker, centered, chunky pixel art, bold readable silhouette, large fill zones, very few isolated pixels, minimal tiny details, satisfying early shape reveal, around 5 colors, fresh yellow, leaf green, sky blue, and cream palette, no background, no text",large primary shapes first; low island count; beginner-friendly fill flow
4,10,month-04,fresh_start_spring,tiny_bee,animals,easy,early,always,Tiny Bee,,daily_04_010_tiny_bee_easy,daily_04_010_tiny_bee_easy,6,32,6,3410,"simple tiny bee sticker, centered, chunky pixel art, bold readable silhouette, large fill zones, very few isolated pixels, minimal tiny details, satisfying early shape reveal, around 6 colors, fresh yellow, leaf green, sky blue, and cream palette, no background, no text",large primary shapes first; low island count; beginner-friendly fill flow
4,11,month-04,fresh_start_spring,flower_cart,plants,medium,mid,always,Flower Cart,,daily_04_011_flower_cart_medium,daily_04_011_flower_cart_medium,8,32,8,3411,"simple flower cart sticker, centered, chunky pixel art, bold readable silhouette, clean separated color regions, medium detail, a few reward accents, satisfying mid-game reveal, around 8 colors, fresh yellow, leaf green, sky blue, and cream palette, no background, no text",balanced color spread; visible silhouette from mid-progress; moderate detail
4,12,month-04,fresh_start_spring,tulip_ribbon,plants,medium,mid,always,Tulip Ribbon,,daily_04_012_tulip_ribbon_medium,daily_04_012_tulip_ribbon_medium,9,32,9,3412,"simple tulip ribbon sticker, centered, chunky pixel art, bold readable silhouette, clean separated color regions, medium detail, a few reward accents, satisfying mid-game reveal, around 9 colors, fresh yellow, leaf green, sky blue, and cream palette, no background, no text",balanced color spread; visible silhouette from mid-progress; moderate detail
4,13,month-04,fresh_start_spring,checkered_lunchbox,objects,medium,mid,always,Checkered Lunchbox,,daily_04_013_checkered_lunchbox_medium,daily_04_013_checkered_lunchbox_medium,7,32,7,3413,"simple checkered lunchbox sticker, centered, chunky pixel art, bold readable silhouette, clean separated color regions, medium detail, a few reward accents, satisfying mid-game reveal, around 7 colors, fresh yellow, leaf green, sky blue, and cream palette, no background, no text",balanced color spread; visible silhouette from mid-progress; moderate detail
4,14,month-04,fresh_start_spring,clover_brooch,plants,medium,mid,always,Clover Brooch,,daily_04_014_clover_brooch_medium,daily_04_014_clover_brooch_medium,8,32,8,3414,"simple clover brooch sticker, centered, chunky pixel art, bold readable silhouette, clean separated color regions, medium detail, a few reward accents, satisfying mid-game reveal, around 8 colors, fresh yellow, leaf green, sky blue, and cream palette, no background, no text",balanced color spread; visible silhouette from mid-progress; moderate detail
4,15,month-04,fresh_start_spring,robin_branch,animals,medium,mid,always,Robin Branch,,daily_04_015_robin_branch_medium,daily_04_015_robin_branch_medium,6,32,6,3415,"simple robin branch sticker, centered, chunky pixel art, bold readable silhouette, clean separated color regions, medium detail, a few reward accents, satisfying mid-game reveal, around 6 colors, fresh yellow, leaf green, sky blue, and cream palette, no background, no text",balanced color spread; visible silhouette from mid-progress; moderate detail
4,16,month-04,fresh_start_spring,cloud_pouch,objects,medium,mid,always,Cloud Pouch,,daily_04_016_cloud_pouch_medium,daily_04_016_cloud_pouch_medium,7,32,7,3416,"simple cloud pouch sticker, centered, chunky pixel art, bold readable silhouette, clean separated color regions, medium detail, a few reward accents, satisfying mid-game reveal, around 7 colors, fresh yellow, leaf green, sky blue, and cream palette, no background, no text",balanced color spread; visible silhouette from mid-progress; moderate detail
4,17,month-04,fresh_start_spring,daffodil_lamp,objects,medium,mid,always,Daffodil Lamp,,daily_04_017_daffodil_lamp_medium,daily_04_017_daffodil_lamp_medium,7,32,7,3417,"simple daffodil lamp sticker, centered, chunky pixel art, bold readable silhouette, clean separated color regions, medium detail, a few reward accents, satisfying mid-game reveal, around 7 colors, fresh yellow, leaf green, sky blue, and cream palette, no background, no text",balanced color spread; visible silhouette from mid-progress; moderate detail
4,18,month-04,fresh_start_spring,notebook_duck,animals,medium,mid,always,Notebook Duck,,daily_04_018_notebook_duck_medium,daily_04_018_notebook_duck_medium,8,32,8,3418,"simple notebook duck sticker, centered, chunky pixel art, bold readable silhouette, clean separated color regions, medium detail, a few reward accents, satisfying mid-game reveal, around 8 colors, fresh yellow, leaf green, sky blue, and cream palette, no background, no text",balanced color spread; visible silhouette from mid-progress; moderate detail
4,19,month-04,fresh_start_spring,ladybug_cap,animals,medium,mid,always,Ladybug Cap,,daily_04_019_ladybug_cap_medium,daily_04_019_ladybug_cap_medium,6,32,6,3419,"simple ladybug cap sticker, centered, chunky pixel art, bold readable silhouette, clean separated color regions, medium detail, a few reward accents, satisfying mid-game reveal, around 6 colors, fresh yellow, leaf green, sky blue, and cream palette, no background, no text",balanced color spread; visible silhouette from mid-progress; moderate detail
4,20,month-04,fresh_start_spring,blossom_jam,food,medium,mid,always,Blossom Jam,,daily_04_020_blossom_jam_medium,daily_04_020_blossom_jam_medium,7,32,7,3420,"simple blossom jam sticker, centered, chunky pixel art, bold readable silhouette, clean separated color regions, medium detail, a few reward accents, satisfying mid-game reveal, around 7 colors, fresh yellow, leaf green, sky blue, and cream palette, no background, no text",balanced color spread; visible silhouette from mid-progress; moderate detail
4,21,month-04,fresh_start_spring,green_bicycle,objects,medium,late,always,Green Bicycle,,daily_04_021_green_bicycle_medium,daily_04_021_green_bicycle_medium,8,32,8,3421,"simple green bicycle sticker, centered, chunky pixel art, bold readable silhouette, clean separated color regions, medium detail, a few reward accents, satisfying mid-game reveal, around 8 colors, fresh yellow, leaf green, sky blue, and cream palette, no background, no text",balanced color spread; visible silhouette from mid-progress; moderate detail
4,22,month-04,fresh_start_spring,plant_tag,objects,medium,late,always,Plant Tag,,daily_04_022_plant_tag_medium,daily_04_022_plant_tag_medium,9,32,9,3422,"simple plant tag sticker, centered, chunky pixel art, bold readable silhouette, clean separated color regions, medium detail, a few reward accents, satisfying mid-game reveal, around 9 colors, fresh yellow, leaf green, sky blue, and cream palette, no background, no text",balanced color spread; visible silhouette from mid-progress; moderate detail
4,23,month-04,fresh_start_spring,spring_teapot,food,medium,late,always,Spring Teapot,,daily_04_023_spring_teapot_medium,daily_04_023_spring_teapot_medium,6,32,6,3423,"simple spring teapot sticker, centered, chunky pixel art, bold readable silhouette, clean separated color regions, medium detail, a few reward accents, satisfying mid-game reveal, around 6 colors, fresh yellow, leaf green, sky blue, and cream palette, no background, no text",balanced color spread; visible silhouette from mid-progress; moderate detail
4,24,month-04,fresh_start_spring,pastel_camera,objects,medium,late,always,Pastel Camera,,daily_04_024_pastel_camera_medium,daily_04_024_pastel_camera_medium,7,32,7,3424,"simple pastel camera sticker, centered, chunky pixel art, bold readable silhouette, clean separated color regions, medium detail, a few reward accents, satisfying mid-game reveal, around 7 colors, fresh yellow, leaf green, sky blue, and cream palette, no background, no text",balanced color spread; visible silhouette from mid-progress; moderate detail
4,25,month-04,fresh_start_spring,seedling_pot,plants,hard,late,always,Seedling Pot,,daily_04_025_seedling_pot_hard,daily_04_025_seedling_pot_hard,9,32,8,3425,"simple seedling pot sticker, centered, chunky pixel art, bold readable silhouette, layered details with clean borders, no noisy dithering, distinct color blocks, advanced but readable, around 9 colors, fresh yellow, leaf green, sky blue, and cream palette, no background, no text",late-month challenge; richer palette; detail kept readable without checkerboarding
4,26,month-04,fresh_start_spring,butterfly_net,objects,hard,late,always,Butterfly Net,,daily_04_026_butterfly_net_hard,daily_04_026_butterfly_net_hard,10,32,9,3426,"simple butterfly net sticker, centered, chunky pixel art, bold readable silhouette, layered details with clean borders, no noisy dithering, distinct color blocks, advanced but readable, around 10 colors, fresh yellow, leaf green, sky blue, and cream palette, no background, no text",late-month challenge; richer palette; detail kept readable without checkerboarding
4,27,month-04,fresh_start_spring,ribbon_scissors,objects,hard,late,always,Ribbon Scissors,,daily_04_027_ribbon_scissors_hard,daily_04_027_ribbon_scissors_hard,11,32,10,3427,"simple ribbon scissors sticker, centered, chunky pixel art, bold readable silhouette, layered details with clean borders, no noisy dithering, distinct color blocks, advanced but readable, around 11 colors, fresh yellow, leaf green, sky blue, and cream palette, no background, no text",late-month challenge; richer palette; detail kept readable without checkerboarding
4,28,month-04,fresh_start_spring,carrot_cake,objects,hard,late,always,Carrot Cake,,daily_04_028_carrot_cake_hard,daily_04_028_carrot_cake_hard,12,32,11,3428,"simple carrot cake sticker, centered, chunky pixel art, bold readable silhouette, layered details with clean borders, no noisy dithering, distinct color blocks, advanced but readable, around 12 colors, fresh yellow, leaf green, sky blue, and cream palette, no background, no text",late-month challenge; richer palette; detail kept readable without checkerboarding
4,29,month-04,fresh_start_spring,lamb_plush,animals,hard,late,always,Lamb Plush,,daily_04_029_lamb_plush_hard,daily_04_029_lamb_plush_hard,13,32,12,3429,"simple lamb plush sticker, centered, chunky pixel art, bold readable silhouette, layered details with clean borders, no noisy dithering, distinct color blocks, advanced but readable, around 13 colors, fresh yellow, leaf green, sky blue, and cream palette, no background, no text",late-month challenge; richer palette; detail kept readable without checkerboarding
4,30,month-04,fresh_start_spring,bloom_basket,objects,hard,late,always,Bloom Basket,,daily_04_030_bloom_basket_hard,daily_04_030_bloom_basket_hard,14,32,13,3430,"simple bloom basket sticker, centered, chunky pixel art, bold readable silhouette, layered details with clean borders, no noisy dithering, distinct color blocks, advanced but readable, around 14 colors, fresh yellow, leaf green, sky blue, and cream palette, no background, no text",late-month challenge; richer palette; detail kept readable without checkerboarding
5,1,month-05,picnic_greenery,carp_streamer,objects,easy,early,always,Carp Streamer,,daily_05_001_carp_streamer_easy,daily_05_001_carp_streamer_easy,4,32,4,3501,"simple carp streamer sticker, centered, chunky pixel art, bold readable silhouette, large fill zones, very few isolated pixels, minimal tiny details, satisfying early shape reveal, around 4 colors, leaf green, koi red, sky blue, and honey yellow palette, no background, no text",large primary shapes first; low island count; beginner-friendly fill flow
5,2,month-05,picnic_greenery,kabuto_helmet,objects,easy,early,always,Kabuto Helmet,,daily_05_002_kabuto_helmet_easy,daily_05_002_kabuto_helmet_easy,5,32,5,3502,"simple kabuto helmet sticker, centered, chunky pixel art, bold readable silhouette, large fill zones, very few isolated pixels, minimal tiny details, satisfying early shape reveal, around 5 colors, leaf green, koi red, sky blue, and honey yellow palette, no background, no text",large primary shapes first; low island count; beginner-friendly fill flow
5,3,month-05,picnic_greenery,picnic_basket,objects,easy,early,always,Picnic Basket,,daily_05_003_picnic_basket_easy,daily_05_003_picnic_basket_easy,5,32,5,3503,"simple picnic basket sticker, centered, chunky pixel art, bold readable silhouette, large fill zones, very few isolated pixels, minimal tiny details, satisfying early shape reveal, around 5 colors, leaf green, koi red, sky blue, and honey yellow palette, no background, no text",large primary shapes first; low island count; beginner-friendly fill flow
5,4,month-05,picnic_greenery,lemon_soda,food,easy,early,always,Lemon Soda,,daily_05_004_lemon_soda_easy,daily_05_004_lemon_soda_easy,6,32,6,3504,"simple lemon soda sticker, centered, chunky pixel art, bold readable silhouette, large fill zones, very few isolated pixels, minimal tiny details, satisfying early shape reveal, around 6 colors, leaf green, koi red, sky blue, and honey yellow palette, no background, no text",large primary shapes first; low island count; beginner-friendly fill flow
5,5,month-05,picnic_greenery,young_leaf,plants,easy,early,always,Young Leaf,,daily_05_005_young_leaf_easy,daily_05_005_young_leaf_easy,4,32,4,3505,"simple young leaf sticker, centered, chunky pixel art, bold readable silhouette, large fill zones, very few isolated pixels, minimal tiny details, satisfying early shape reveal, around 4 colors, leaf green, koi red, sky blue, and honey yellow palette, no background, no text",large primary shapes first; low island count; beginner-friendly fill flow
5,6,month-05,picnic_greenery,strawberry_sandwich,food,easy,early,always,Strawberry Sandwich,,daily_05_006_strawberry_sandwich_easy,daily_05_006_strawberry_sandwich_easy,5,32,5,3506,"simple strawberry sandwich sticker, centered, chunky pixel art, bold readable silhouette, large fill zones, very few isolated pixels, minimal tiny details, satisfying early shape reveal, around 5 colors, leaf green, koi red, sky blue, and honey yellow palette, no background, no text",large primary shapes first; low island count; beginner-friendly fill flow
5,7,month-05,picnic_greenery,clover_windmill,plants,easy,early,always,Clover Windmill,,daily_05_007_clover_windmill_easy,daily_05_007_clover_windmill_easy,6,32,6,3507,"simple clover windmill sticker, centered, chunky pixel art, bold readable silhouette, large fill zones, very few isolated pixels, minimal tiny details, satisfying early shape reveal, around 6 colors, leaf green, koi red, sky blue, and honey yellow palette, no background, no text",large primary shapes first; low island count; beginner-friendly fill flow
5,8,month-05,picnic_greenery,blue_sky_kite,seasonal,easy,early,always,Blue Sky Kite,,daily_05_008_blue_sky_kite_easy,daily_05_008_blue_sky_kite_easy,4,32,4,3508,"simple blue sky kite sticker, centered, chunky pixel art, bold readable silhouette, large fill zones, very few isolated pixels, minimal tiny details, satisfying early shape reveal, around 4 colors, leaf green, koi red, sky blue, and honey yellow palette, no background, no text",large primary shapes first; low island count; beginner-friendly fill flow
5,9,month-05,picnic_greenery,garden_snail,animals,easy,early,always,Garden Snail,,daily_05_009_garden_snail_easy,daily_05_009_garden_snail_easy,5,32,5,3509,"simple garden snail sticker, centered, chunky pixel art, bold readable silhouette, large fill zones, very few isolated pixels, minimal tiny details, satisfying early shape reveal, around 5 colors, leaf green, koi red, sky blue, and honey yellow palette, no background, no text",large primary shapes first; low island count; beginner-friendly fill flow
5,10,month-05,picnic_greenery,iris_bloom,plants,easy,early,always,Iris Bloom,,daily_05_010_iris_bloom_easy,daily_05_010_iris_bloom_easy,6,32,6,3510,"simple iris bloom sticker, centered, chunky pixel art, bold readable silhouette, large fill zones, very few isolated pixels, minimal tiny details, satisfying early shape reveal, around 6 colors, leaf green, koi red, sky blue, and honey yellow palette, no background, no text",large primary shapes first; low island count; beginner-friendly fill flow
5,11,month-05,picnic_greenery,bamboo_flute,plants,easy,mid,always,Bamboo Flute,,daily_05_011_bamboo_flute_easy,daily_05_011_bamboo_flute_easy,5,32,5,3511,"simple bamboo flute sticker, centered, chunky pixel art, bold readable silhouette, large fill zones, very few isolated pixels, minimal tiny details, satisfying early shape reveal, around 5 colors, leaf green, koi red, sky blue, and honey yellow palette, no background, no text",large primary shapes first; low island count; beginner-friendly fill flow
5,12,month-05,picnic_greenery,sunny_cap,objects,medium,mid,always,Sunny Cap,,daily_05_012_sunny_cap_medium,daily_05_012_sunny_cap_medium,9,32,9,3512,"simple sunny cap sticker, centered, chunky pixel art, bold readable silhouette, clean separated color regions, medium detail, a few reward accents, satisfying mid-game reveal, around 9 colors, leaf green, koi red, sky blue, and honey yellow palette, no background, no text",balanced color spread; visible silhouette from mid-progress; moderate detail
5,13,month-05,picnic_greenery,honey_toast,food,medium,mid,always,Honey Toast,,daily_05_013_honey_toast_medium,daily_05_013_honey_toast_medium,7,32,7,3513,"simple honey toast sticker, centered, chunky pixel art, bold readable silhouette, clean separated color regions, medium detail, a few reward accents, satisfying mid-game reveal, around 7 colors, leaf green, koi red, sky blue, and honey yellow palette, no background, no text",balanced color spread; visible silhouette from mid-progress; moderate detail
5,14,month-05,picnic_greenery,birdhouse,animals,medium,mid,always,Birdhouse,,daily_05_014_birdhouse_medium,daily_05_014_birdhouse_medium,8,32,8,3514,"simple birdhouse sticker, centered, chunky pixel art, bold readable silhouette, clean separated color regions, medium detail, a few reward accents, satisfying mid-game reveal, around 8 colors, leaf green, koi red, sky blue, and honey yellow palette, no background, no text",balanced color spread; visible silhouette from mid-progress; moderate detail
5,15,month-05,picnic_greenery,daisy_crown,animals,medium,mid,always,Daisy Crown,,daily_05_015_daisy_crown_medium,daily_05_015_daisy_crown_medium,6,32,6,3515,"simple daisy crown sticker, centered, chunky pixel art, bold readable silhouette, clean separated color regions, medium detail, a few reward accents, satisfying mid-game reveal, around 6 colors, leaf green, koi red, sky blue, and honey yellow palette, no background, no text",balanced color spread; visible silhouette from mid-progress; moderate detail
5,16,month-05,picnic_greenery,leaf_boat,plants,medium,mid,always,Leaf Boat,,daily_05_016_leaf_boat_medium,daily_05_016_leaf_boat_medium,7,32,7,3516,"simple leaf boat sticker, centered, chunky pixel art, bold readable silhouette, clean separated color regions, medium detail, a few reward accents, satisfying mid-game reveal, around 7 colors, leaf green, koi red, sky blue, and honey yellow palette, no background, no text",balanced color spread; visible silhouette from mid-progress; moderate detail
5,17,month-05,picnic_greenery,fresh_tea,food,medium,mid,always,Fresh Tea,,daily_05_017_fresh_tea_medium,daily_05_017_fresh_tea_medium,7,32,7,3517,"simple fresh tea sticker, centered, chunky pixel art, bold readable silhouette, clean separated color regions, medium detail, a few reward accents, satisfying mid-game reveal, around 7 colors, leaf green, koi red, sky blue, and honey yellow palette, no background, no text",balanced color spread; visible silhouette from mid-progress; moderate detail
5,18,month-05,picnic_greenery,striped_blanket,objects,medium,mid,always,Striped Blanket,,daily_05_018_striped_blanket_medium,daily_05_018_striped_blanket_medium,8,32,8,3518,"simple striped blanket sticker, centered, chunky pixel art, bold readable silhouette, clean separated color regions, medium detail, a few reward accents, satisfying mid-game reveal, around 8 colors, leaf green, koi red, sky blue, and honey yellow palette, no background, no text",balanced color spread; visible silhouette from mid-progress; moderate detail
5,19,month-05,picnic_greenery,squirrel_nut,animals,medium,mid,always,Squirrel Nut,,daily_05_019_squirrel_nut_medium,daily_05_019_squirrel_nut_medium,6,32,6,3519,"simple squirrel nut sticker, centered, chunky pixel art, bold readable silhouette, clean separated color regions, medium detail, a few reward accents, satisfying mid-game reveal, around 6 colors, leaf green, koi red, sky blue, and honey yellow palette, no background, no text",balanced color spread; visible silhouette from mid-progress; moderate detail
5,20,month-05,picnic_greenery,apple_juice,food,medium,mid,always,Apple Juice,,daily_05_020_apple_juice_medium,daily_05_020_apple_juice_medium,7,32,7,3520,"simple apple juice sticker, centered, chunky pixel art, bold readable silhouette, clean separated color regions, medium detail, a few reward accents, satisfying mid-game reveal, around 7 colors, leaf green, koi red, sky blue, and honey yellow palette, no background, no text",balanced color spread; visible silhouette from mid-progress; moderate detail
5,21,month-05,picnic_greenery,frog_cap,animals,medium,late,always,Frog Cap,,daily_05_021_frog_cap_medium,daily_05_021_frog_cap_medium,8,32,8,3521,"simple frog cap sticker, centered, chunky pixel art, bold readable silhouette, clean separated color regions, medium detail, a few reward accents, satisfying mid-game reveal, around 8 colors, leaf green, koi red, sky blue, and honey yellow palette, no background, no text",balanced color spread; visible silhouette from mid-progress; moderate detail
5,22,month-05,picnic_greenery,market_radish,objects,medium,late,always,Market Radish,,daily_05_022_market_radish_medium,daily_05_022_market_radish_medium,9,32,9,3522,"simple market radish sticker, centered, chunky pixel art, bold readable silhouette, clean separated color regions, medium detail, a few reward accents, satisfying mid-game reveal, around 9 colors, leaf green, koi red, sky blue, and honey yellow palette, no background, no text",balanced color spread; visible silhouette from mid-progress; moderate detail
5,23,month-05,picnic_greenery,flower_wagon,plants,medium,late,always,Flower Wagon,,daily_05_023_flower_wagon_medium,daily_05_023_flower_wagon_medium,6,32,6,3523,"simple flower wagon sticker, centered, chunky pixel art, bold readable silhouette, clean separated color regions, medium detail, a few reward accents, satisfying mid-game reveal, around 6 colors, leaf green, koi red, sky blue, and honey yellow palette, no background, no text",balanced color spread; visible silhouette from mid-progress; moderate detail
5,24,month-05,picnic_greenery,picnic_thermos,objects,medium,late,always,Picnic Thermos,,daily_05_024_picnic_thermos_medium,daily_05_024_picnic_thermos_medium,7,32,7,3524,"simple picnic thermos sticker, centered, chunky pixel art, bold readable silhouette, clean separated color regions, medium detail, a few reward accents, satisfying mid-game reveal, around 7 colors, leaf green, koi red, sky blue, and honey yellow palette, no background, no text",balanced color spread; visible silhouette from mid-progress; moderate detail
5,25,month-05,picnic_greenery,rainbow_pin,seasonal,medium,late,always,Rainbow Pin,,daily_05_025_rainbow_pin_medium,daily_05_025_rainbow_pin_medium,8,32,8,3525,"simple rainbow pin sticker, centered, chunky pixel art, bold readable silhouette, clean separated color regions, medium detail, a few reward accents, satisfying mid-game reveal, around 8 colors, leaf green, koi red, sky blue, and honey yellow palette, no background, no text",balanced color spread; visible silhouette from mid-progress; moderate detail
5,26,month-05,picnic_greenery,seed_packet,plants,hard,late,always,Seed Packet,,daily_05_026_seed_packet_hard,daily_05_026_seed_packet_hard,10,32,9,3526,"simple seed packet sticker, centered, chunky pixel art, bold readable silhouette, layered details with clean borders, no noisy dithering, distinct color blocks, advanced but readable, around 10 colors, leaf green, koi red, sky blue, and honey yellow palette, no background, no text",late-month challenge; richer palette; detail kept readable without checkerboarding
5,27,month-05,picnic_greenery,bike_bell,objects,hard,late,always,Bike Bell,,daily_05_027_bike_bell_hard,daily_05_027_bike_bell_hard,11,32,10,3527,"simple bike bell sticker, centered, chunky pixel art, bold readable silhouette, layered details with clean borders, no noisy dithering, distinct color blocks, advanced but readable, around 11 colors, leaf green, koi red, sky blue, and honey yellow palette, no background, no text",late-month challenge; richer palette; detail kept readable without checkerboarding
5,28,month-05,picnic_greenery,sandwich_box,food,hard,late,always,Sandwich Box,,daily_05_028_sandwich_box_hard,daily_05_028_sandwich_box_hard,12,32,11,3528,"simple sandwich box sticker, centered, chunky pixel art, bold readable silhouette, layered details with clean borders, no noisy dithering, distinct color blocks, advanced but readable, around 12 colors, leaf green, koi red, sky blue, and honey yellow palette, no background, no text",late-month challenge; richer palette; detail kept readable without checkerboarding
5,29,month-05,picnic_greenery,wind_sock,objects,hard,late,always,Wind Sock,,daily_05_029_wind_sock_hard,daily_05_029_wind_sock_hard,13,32,12,3529,"simple wind sock sticker, centered, chunky pixel art, bold readable silhouette, layered details with clean borders, no noisy dithering, distinct color blocks, advanced but readable, around 13 colors, leaf green, koi red, sky blue, and honey yellow palette, no background, no text",late-month challenge; richer palette; detail kept readable without checkerboarding
5,30,month-05,picnic_greenery,garden_gloves,objects,hard,late,always,Garden Gloves,,daily_05_030_garden_gloves_hard,daily_05_030_garden_gloves_hard,14,32,13,3530,"simple garden gloves sticker, centered, chunky pixel art, bold readable silhouette, layered details with clean borders, no noisy dithering, distinct color blocks, advanced but readable, around 14 colors, leaf green, koi red, sky blue, and honey yellow palette, no background, no text",late-month challenge; richer palette; detail kept readable without checkerboarding
5,31,month-05,picnic_greenery,ladybug_picnic,animals,hard,late,always,Ladybug Picnic,,daily_05_031_ladybug_picnic_hard,daily_05_031_ladybug_picnic_hard,9,32,8,3531,"simple ladybug picnic sticker, centered, chunky pixel art, bold readable silhouette, layered details with clean borders, no noisy dithering, distinct color blocks, advanced but readable, around 9 colors, leaf green, koi red, sky blue, and honey yellow palette, no background, no text",late-month challenge; richer palette; detail kept readable without checkerboarding
6,1,month-06,rainy_season,raindrop,seasonal,easy,early,always,Raindrop,,daily_06_001_raindrop_easy,daily_06_001_raindrop_easy,4,32,4,3601,"simple raindrop sticker, centered, chunky pixel art, bold readable silhouette, large fill zones, very few isolated pixels, minimal tiny details, satisfying early shape reveal, around 4 colors, rain blue, hydrangea violet, leaf green, and cream palette, no background, no text",large primary shapes first; low island count; beginner-friendly fill flow
6,2,month-06,rainy_season,hydrangea,plants,easy,early,always,Hydrangea,,daily_06_002_hydrangea_easy,daily_06_002_hydrangea_easy,5,32,5,3602,"simple hydrangea sticker, centered, chunky pixel art, bold readable silhouette, large fill zones, very few isolated pixels, minimal tiny details, satisfying early shape reveal, around 5 colors, rain blue, hydrangea violet, leaf green, and cream palette, no background, no text",large primary shapes first; low island count; beginner-friendly fill flow
6,3,month-06,rainy_season,frog_umbrella,animals,easy,early,always,Frog Umbrella,,daily_06_003_frog_umbrella_easy,daily_06_003_frog_umbrella_easy,5,32,5,3603,"simple frog umbrella sticker, centered, chunky pixel art, bold readable silhouette, large fill zones, very few isolated pixels, minimal tiny details, satisfying early shape reveal, around 5 colors, rain blue, hydrangea violet, leaf green, and cream palette, no background, no text",large primary shapes first; low island count; beginner-friendly fill flow
6,4,month-06,rainy_season,snail_leaf,animals,easy,early,always,Snail Leaf,,daily_06_004_snail_leaf_easy,daily_06_004_snail_leaf_easy,6,32,6,3604,"simple snail leaf sticker, centered, chunky pixel art, bold readable silhouette, large fill zones, very few isolated pixels, minimal tiny details, satisfying early shape reveal, around 6 colors, rain blue, hydrangea violet, leaf green, and cream palette, no background, no text",large primary shapes first; low island count; beginner-friendly fill flow
6,5,month-06,rainy_season,rain_boots,objects,easy,early,always,Rain Boots,,daily_06_005_rain_boots_easy,daily_06_005_rain_boots_easy,4,32,4,3605,"simple rain boots sticker, centered, chunky pixel art, bold readable silhouette, large fill zones, very few isolated pixels, minimal tiny details, satisfying early shape reveal, around 4 colors, rain blue, hydrangea violet, leaf green, and cream palette, no background, no text",large primary shapes first; low island count; beginner-friendly fill flow
6,6,month-06,rainy_season,puddle_duck,animals,easy,early,always,Puddle Duck,,daily_06_006_puddle_duck_easy,daily_06_006_puddle_duck_easy,5,32,5,3606,"simple puddle duck sticker, centered, chunky pixel art, bold readable silhouette, large fill zones, very few isolated pixels, minimal tiny details, satisfying early shape reveal, around 5 colors, rain blue, hydrangea violet, leaf green, and cream palette, no background, no text",large primary shapes first; low island count; beginner-friendly fill flow
6,7,month-06,rainy_season,lily_cup,plants,easy,early,always,Lily Cup,,daily_06_007_lily_cup_easy,daily_06_007_lily_cup_easy,6,32,6,3607,"simple lily cup sticker, centered, chunky pixel art, bold readable silhouette, large fill zones, very few isolated pixels, minimal tiny details, satisfying early shape reveal, around 6 colors, rain blue, hydrangea violet, leaf green, and cream palette, no background, no text",large primary shapes first; low island count; beginner-friendly fill flow
6,8,month-06,rainy_season,umbrella_bouquet,objects,easy,early,always,Umbrella Bouquet,,daily_06_008_umbrella_bouquet_easy,daily_06_008_umbrella_bouquet_easy,4,32,4,3608,"simple umbrella bouquet sticker, centered, chunky pixel art, bold readable silhouette, large fill zones, very few isolated pixels, minimal tiny details, satisfying early shape reveal, around 4 colors, rain blue, hydrangea violet, leaf green, and cream palette, no background, no text",large primary shapes first; low island count; beginner-friendly fill flow
6,9,month-06,rainy_season,misty_window,objects,easy,early,always,Misty Window,,daily_06_009_misty_window_easy,daily_06_009_misty_window_easy,5,32,5,3609,"simple misty window sticker, centered, chunky pixel art, bold readable silhouette, large fill zones, very few isolated pixels, minimal tiny details, satisfying early shape reveal, around 5 colors, rain blue, hydrangea violet, leaf green, and cream palette, no background, no text",large primary shapes first; low island count; beginner-friendly fill flow
6,10,month-06,rainy_season,tea_kettle_rain,food,easy,early,always,Tea Kettle Rain,,daily_06_010_tea_kettle_rain_easy,daily_06_010_tea_kettle_rain_easy,6,32,6,3610,"simple tea kettle rain sticker, centered, chunky pixel art, bold readable silhouette, large fill zones, very few isolated pixels, minimal tiny details, satisfying early shape reveal, around 6 colors, rain blue, hydrangea violet, leaf green, and cream palette, no background, no text",large primary shapes first; low island count; beginner-friendly fill flow
6,11,month-06,rainy_season,clover_frog,animals,medium,mid,always,Clover Frog,,daily_06_011_clover_frog_medium,daily_06_011_clover_frog_medium,8,32,8,3611,"simple clover frog sticker, centered, chunky pixel art, bold readable silhouette, clean separated color regions, medium detail, a few reward accents, satisfying mid-game reveal, around 8 colors, rain blue, hydrangea violet, leaf green, and cream palette, no background, no text",balanced color spread; visible silhouette from mid-progress; moderate detail
6,12,month-06,rainy_season,rainy_cat,animals,medium,mid,always,Rainy Cat,,daily_06_012_rainy_cat_medium,daily_06_012_rainy_cat_medium,9,32,9,3612,"simple rainy cat sticker, centered, chunky pixel art, bold readable silhouette, clean separated color regions, medium detail, a few reward accents, satisfying mid-game reveal, around 9 colors, rain blue, hydrangea violet, leaf green, and cream palette, no background, no text",balanced color spread; visible silhouette from mid-progress; moderate detail
6,13,month-06,rainy_season,hanging_mobile_drop,objects,medium,mid,always,Hanging Mobile Drop,,daily_06_013_hanging_mobile_drop_medium,daily_06_013_hanging_mobile_drop_medium,7,32,7,3613,"simple hanging mobile drop sticker, centered, chunky pixel art, bold readable silhouette, clean separated color regions, medium detail, a few reward accents, satisfying mid-game reveal, around 7 colors, rain blue, hydrangea violet, leaf green, and cream palette, no background, no text",balanced color spread; visible silhouette from mid-progress; moderate detail
6,14,month-06,rainy_season,hydrangea_basket,plants,medium,mid,always,Hydrangea Basket,,daily_06_014_hydrangea_basket_medium,daily_06_014_hydrangea_basket_medium,8,32,8,3614,"simple hydrangea basket sticker, centered, chunky pixel art, bold readable silhouette, clean separated color regions, medium detail, a few reward accents, satisfying mid-game reveal, around 8 colors, rain blue, hydrangea violet, leaf green, and cream palette, no background, no text",balanced color spread; visible silhouette from mid-progress; moderate detail
6,15,month-06,rainy_season,window_rainbow,seasonal,medium,mid,always,Window Rainbow,,daily_06_015_window_rainbow_medium,daily_06_015_window_rainbow_medium,6,32,6,3615,"simple window rainbow sticker, centered, chunky pixel art, bold readable silhouette, clean separated color regions, medium detail, a few reward accents, satisfying mid-game reveal, around 6 colors, rain blue, hydrangea violet, leaf green, and cream palette, no background, no text",balanced color spread; visible silhouette from mid-progress; moderate detail
6,16,month-06,rainy_season,lemon_raincoat,objects,medium,mid,always,Lemon Raincoat,,daily_06_016_lemon_raincoat_medium,daily_06_016_lemon_raincoat_medium,7,32,7,3616,"simple lemon raincoat sticker, centered, chunky pixel art, bold readable silhouette, clean separated color regions, medium detail, a few reward accents, satisfying mid-game reveal, around 7 colors, rain blue, hydrangea violet, leaf green, and cream palette, no background, no text",balanced color spread; visible silhouette from mid-progress; moderate detail
6,17,month-06,rainy_season,moss_mushroom,plants,medium,mid,always,Moss Mushroom,,daily_06_017_moss_mushroom_medium,daily_06_017_moss_mushroom_medium,7,32,7,3617,"simple moss mushroom sticker, centered, chunky pixel art, bold readable silhouette, clean separated color regions, medium detail, a few reward accents, satisfying mid-game reveal, around 7 colors, rain blue, hydrangea violet, leaf green, and cream palette, no background, no text",balanced color spread; visible silhouette from mid-progress; moderate detail
6,18,month-06,rainy_season,tadpole_jar,animals,medium,mid,always,Tadpole Jar,,daily_06_018_tadpole_jar_medium,daily_06_018_tadpole_jar_medium,8,32,8,3618,"simple tadpole jar sticker, centered, chunky pixel art, bold readable silhouette, clean separated color regions, medium detail, a few reward accents, satisfying mid-game reveal, around 8 colors, rain blue, hydrangea violet, leaf green, and cream palette, no background, no text",balanced color spread; visible silhouette from mid-progress; moderate detail
6,19,month-06,rainy_season,raindrop_bell,seasonal,medium,mid,always,Raindrop Bell,,daily_06_019_raindrop_bell_medium,daily_06_019_raindrop_bell_medium,6,32,6,3619,"simple raindrop bell sticker, centered, chunky pixel art, bold readable silhouette, clean separated color regions, medium detail, a few reward accents, satisfying mid-game reveal, around 6 colors, rain blue, hydrangea violet, leaf green, and cream palette, no background, no text",balanced color spread; visible silhouette from mid-progress; moderate detail
6,20,month-06,rainy_season,paper_boat,objects,medium,mid,always,Paper Boat,,daily_06_020_paper_boat_medium,daily_06_020_paper_boat_medium,7,32,7,3620,"simple paper boat sticker, centered, chunky pixel art, bold readable silhouette, clean separated color regions, medium detail, a few reward accents, satisfying mid-game reveal, around 7 colors, rain blue, hydrangea violet, leaf green, and cream palette, no background, no text",balanced color spread; visible silhouette from mid-progress; moderate detail
6,21,month-06,rainy_season,cloud_whale,animals,medium,late,always,Cloud Whale,,daily_06_021_cloud_whale_medium,daily_06_021_cloud_whale_medium,8,32,8,3621,"simple cloud whale sticker, centered, chunky pixel art, bold readable silhouette, clean separated color regions, medium detail, a few reward accents, satisfying mid-game reveal, around 8 colors, rain blue, hydrangea violet, leaf green, and cream palette, no background, no text",balanced color spread; visible silhouette from mid-progress; moderate detail
6,22,month-06,rainy_season,rainy_teacup,food,medium,late,always,Rainy Teacup,,daily_06_022_rainy_teacup_medium,daily_06_022_rainy_teacup_medium,9,32,9,3622,"simple rainy teacup sticker, centered, chunky pixel art, bold readable silhouette, clean separated color regions, medium detail, a few reward accents, satisfying mid-game reveal, around 9 colors, rain blue, hydrangea violet, leaf green, and cream palette, no background, no text",balanced color spread; visible silhouette from mid-progress; moderate detail
6,23,month-06,rainy_season,fern_sprig,plants,medium,late,always,Fern Sprig,,daily_06_023_fern_sprig_medium,daily_06_023_fern_sprig_medium,6,32,6,3623,"simple fern sprig sticker, centered, chunky pixel art, bold readable silhouette, clean separated color regions, medium detail, a few reward accents, satisfying mid-game reveal, around 6 colors, rain blue, hydrangea violet, leaf green, and cream palette, no background, no text",balanced color spread; visible silhouette from mid-progress; moderate detail
6,24,month-06,rainy_season,blue_umbrella,objects,medium,late,always,Blue Umbrella,,daily_06_024_blue_umbrella_medium,daily_06_024_blue_umbrella_medium,7,32,7,3624,"simple blue umbrella sticker, centered, chunky pixel art, bold readable silhouette, clean separated color regions, medium detail, a few reward accents, satisfying mid-game reveal, around 7 colors, rain blue, hydrangea violet, leaf green, and cream palette, no background, no text",balanced color spread; visible silhouette from mid-progress; moderate detail
6,25,month-06,rainy_season,puddle_boot,seasonal,hard,late,always,Puddle Boot,,daily_06_025_puddle_boot_hard,daily_06_025_puddle_boot_hard,9,32,8,3625,"simple puddle boot sticker, centered, chunky pixel art, bold readable silhouette, layered details with clean borders, no noisy dithering, distinct color blocks, advanced but readable, around 9 colors, rain blue, hydrangea violet, leaf green, and cream palette, no background, no text",late-month challenge; richer palette; detail kept readable without checkerboarding
6,26,month-06,rainy_season,firefly_sprout,plants,hard,late,always,Firefly Sprout,,daily_06_026_firefly_sprout_hard,daily_06_026_firefly_sprout_hard,10,32,9,3626,"simple firefly sprout sticker, centered, chunky pixel art, bold readable silhouette, layered details with clean borders, no noisy dithering, distinct color blocks, advanced but readable, around 10 colors, rain blue, hydrangea violet, leaf green, and cream palette, no background, no text",late-month challenge; richer palette; detail kept readable without checkerboarding
6,27,month-06,rainy_season,leaf_frog,animals,hard,late,always,Leaf Frog,,daily_06_027_leaf_frog_hard,daily_06_027_leaf_frog_hard,11,32,10,3627,"simple leaf frog sticker, centered, chunky pixel art, bold readable silhouette, layered details with clean borders, no noisy dithering, distinct color blocks, advanced but readable, around 11 colors, rain blue, hydrangea violet, leaf green, and cream palette, no background, no text",late-month challenge; richer palette; detail kept readable without checkerboarding
6,28,month-06,rainy_season,dew_strawberry,food,hard,late,always,Dew Strawberry,,daily_06_028_dew_strawberry_hard,daily_06_028_dew_strawberry_hard,12,32,11,3628,"simple dew strawberry sticker, centered, chunky pixel art, bold readable silhouette, layered details with clean borders, no noisy dithering, distinct color blocks, advanced but readable, around 12 colors, rain blue, hydrangea violet, leaf green, and cream palette, no background, no text",late-month challenge; richer palette; detail kept readable without checkerboarding
6,29,month-06,rainy_season,rain_chime,objects,hard,late,always,Rain Chime,,daily_06_029_rain_chime_hard,daily_06_029_rain_chime_hard,13,32,12,3629,"simple rain chime sticker, centered, chunky pixel art, bold readable silhouette, layered details with clean borders, no noisy dithering, distinct color blocks, advanced but readable, around 13 colors, rain blue, hydrangea violet, leaf green, and cream palette, no background, no text",late-month challenge; richer palette; detail kept readable without checkerboarding
6,30,month-06,rainy_season,lavender_rain,plants,hard,late,always,Lavender Rain,,daily_06_030_lavender_rain_hard,daily_06_030_lavender_rain_hard,14,32,13,3630,"simple lavender rain sticker, centered, chunky pixel art, bold readable silhouette, layered details with clean borders, no noisy dithering, distinct color blocks, advanced but readable, around 14 colors, rain blue, hydrangea violet, leaf green, and cream palette, no background, no text",late-month challenge; richer palette; detail kept readable without checkerboarding
7,1,month-07,starry_festival_summer,tanabata_wish,seasonal,easy,early,always,Tanabata Wish,,daily_07_001_tanabata_wish_easy,daily_07_001_tanabata_wish_easy,4,32,4,3701,"simple tanabata wish sticker, centered, chunky pixel art, bold readable silhouette, large fill zones, very few isolated pixels, minimal tiny details, satisfying early shape reveal, around 4 colors, night blue, festival red, star gold, and watermelon green palette, no background, no text",large primary shapes first; low island count; beginner-friendly fill flow
7,2,month-07,starry_festival_summer,bamboo_branch,plants,easy,early,always,Bamboo Branch,,daily_07_002_bamboo_branch_easy,daily_07_002_bamboo_branch_easy,5,32,5,3702,"simple bamboo branch sticker, centered, chunky pixel art, bold readable silhouette, large fill zones, very few isolated pixels, minimal tiny details, satisfying early shape reveal, around 5 colors, night blue, festival red, star gold, and watermelon green palette, no background, no text",large primary shapes first; low island count; beginner-friendly fill flow
7,3,month-07,starry_festival_summer,star_lantern,seasonal,easy,early,always,Star Lantern,,daily_07_003_star_lantern_easy,daily_07_003_star_lantern_easy,5,32,5,3703,"simple star lantern sticker, centered, chunky pixel art, bold readable silhouette, large fill zones, very few isolated pixels, minimal tiny details, satisfying early shape reveal, around 5 colors, night blue, festival red, star gold, and watermelon green palette, no background, no text",large primary shapes first; low island count; beginner-friendly fill flow
7,4,month-07,starry_festival_summer,watermelon_slice,food,easy,early,always,Watermelon Slice,,daily_07_004_watermelon_slice_easy,daily_07_004_watermelon_slice_easy,6,32,6,3704,"simple watermelon slice sticker, centered, chunky pixel art, bold readable silhouette, large fill zones, very few isolated pixels, minimal tiny details, satisfying early shape reveal, around 6 colors, night blue, festival red, star gold, and watermelon green palette, no background, no text",large primary shapes first; low island count; beginner-friendly fill flow
7,5,month-07,starry_festival_summer,goldfish_bag,animals,easy,early,always,Goldfish Bag,,daily_07_005_goldfish_bag_easy,daily_07_005_goldfish_bag_easy,4,32,4,3705,"simple goldfish bag sticker, centered, chunky pixel art, bold readable silhouette, large fill zones, very few isolated pixels, minimal tiny details, satisfying early shape reveal, around 4 colors, night blue, festival red, star gold, and watermelon green palette, no background, no text",large primary shapes first; low island count; beginner-friendly fill flow
7,6,month-07,starry_festival_summer,festival_fan,seasonal,easy,early,always,Festival Fan,,daily_07_006_festival_fan_easy,daily_07_006_festival_fan_easy,5,32,5,3706,"simple festival fan sticker, centered, chunky pixel art, bold readable silhouette, large fill zones, very few isolated pixels, minimal tiny details, satisfying early shape reveal, around 5 colors, night blue, festival red, star gold, and watermelon green palette, no background, no text",large primary shapes first; low island count; beginner-friendly fill flow
7,7,month-07,starry_festival_summer,night_sparkler,objects,easy,early,always,Night Sparkler,,daily_07_007_night_sparkler_easy,daily_07_007_night_sparkler_easy,6,32,6,3707,"simple night sparkler sticker, centered, chunky pixel art, bold readable silhouette, large fill zones, very few isolated pixels, minimal tiny details, satisfying early shape reveal, around 6 colors, night blue, festival red, star gold, and watermelon green palette, no background, no text",large primary shapes first; low island count; beginner-friendly fill flow
7,8,month-07,starry_festival_summer,summer_yukata_bow,objects,easy,early,always,Summer Yukata Bow,,daily_07_008_summer_yukata_bow_easy,daily_07_008_summer_yukata_bow_easy,4,32,4,3708,"simple summer yukata bow sticker, centered, chunky pixel art, bold readable silhouette, large fill zones, very few isolated pixels, minimal tiny details, satisfying early shape reveal, around 4 colors, night blue, festival red, star gold, and watermelon green palette, no background, no text",large primary shapes first; low island count; beginner-friendly fill flow
7,9,month-07,starry_festival_summer,shaved_ice,objects,easy,early,always,Shaved Ice,,daily_07_009_shaved_ice_easy,daily_07_009_shaved_ice_easy,5,32,5,3709,"simple shaved ice sticker, centered, chunky pixel art, bold readable silhouette, large fill zones, very few isolated pixels, minimal tiny details, satisfying early shape reveal, around 5 colors, night blue, festival red, star gold, and watermelon green palette, no background, no text",large primary shapes first; low island count; beginner-friendly fill flow
7,10,month-07,starry_festival_summer,shooting_star,seasonal,easy,early,always,Shooting Star,,daily_07_010_shooting_star_easy,daily_07_010_shooting_star_easy,6,32,6,3710,"simple shooting star sticker, centered, chunky pixel art, bold readable silhouette, large fill zones, very few isolated pixels, minimal tiny details, satisfying early shape reveal, around 6 colors, night blue, festival red, star gold, and watermelon green palette, no background, no text",large primary shapes first; low island count; beginner-friendly fill flow
7,11,month-07,starry_festival_summer,shell_bracelet,objects,easy,mid,always,Shell Bracelet,,daily_07_011_shell_bracelet_easy,daily_07_011_shell_bracelet_easy,5,32,5,3711,"simple shell bracelet sticker, centered, chunky pixel art, bold readable silhouette, large fill zones, very few isolated pixels, minimal tiny details, satisfying early shape reveal, around 5 colors, night blue, festival red, star gold, and watermelon green palette, no background, no text",large primary shapes first; low island count; beginner-friendly fill flow
7,12,month-07,starry_festival_summer,sun_hat,objects,medium,mid,always,Sun Hat,,daily_07_012_sun_hat_medium,daily_07_012_sun_hat_medium,9,32,9,3712,"simple sun hat sticker, centered, chunky pixel art, bold readable silhouette, clean separated color regions, medium detail, a few reward accents, satisfying mid-game reveal, around 9 colors, night blue, festival red, star gold, and watermelon green palette, no background, no text",balanced color spread; visible silhouette from mid-progress; moderate detail
7,13,month-07,starry_festival_summer,ramune_bottle,food,medium,mid,always,Ramune Bottle,,daily_07_013_ramune_bottle_medium,daily_07_013_ramune_bottle_medium,7,32,7,3713,"simple ramune bottle sticker, centered, chunky pixel art, bold readable silhouette, clean separated color regions, medium detail, a few reward accents, satisfying mid-game reveal, around 7 colors, night blue, festival red, star gold, and watermelon green palette, no background, no text",balanced color spread; visible silhouette from mid-progress; moderate detail
7,14,month-07,starry_festival_summer,paper_fan,objects,medium,mid,always,Paper Fan,,daily_07_014_paper_fan_medium,daily_07_014_paper_fan_medium,8,32,8,3714,"simple paper fan sticker, centered, chunky pixel art, bold readable silhouette, clean separated color regions, medium detail, a few reward accents, satisfying mid-game reveal, around 8 colors, night blue, festival red, star gold, and watermelon green palette, no background, no text",balanced color spread; visible silhouette from mid-progress; moderate detail
7,15,month-07,starry_festival_summer,evening_cicada,objects,medium,mid,always,Evening Cicada,,daily_07_015_evening_cicada_medium,daily_07_015_evening_cicada_medium,6,32,6,3715,"simple evening cicada sticker, centered, chunky pixel art, bold readable silhouette, clean separated color regions, medium detail, a few reward accents, satisfying mid-game reveal, around 6 colors, night blue, festival red, star gold, and watermelon green palette, no background, no text",balanced color spread; visible silhouette from mid-progress; moderate detail
7,16,month-07,starry_festival_summer,comet_ribbon,objects,medium,mid,always,Comet Ribbon,,daily_07_016_comet_ribbon_medium,daily_07_016_comet_ribbon_medium,7,32,7,3716,"simple comet ribbon sticker, centered, chunky pixel art, bold readable silhouette, clean separated color regions, medium detail, a few reward accents, satisfying mid-game reveal, around 7 colors, night blue, festival red, star gold, and watermelon green palette, no background, no text",balanced color spread; visible silhouette from mid-progress; moderate detail
7,17,month-07,starry_festival_summer,beach_bucket,objects,medium,mid,always,Beach Bucket,,daily_07_017_beach_bucket_medium,daily_07_017_beach_bucket_medium,7,32,7,3717,"simple beach bucket sticker, centered, chunky pixel art, bold readable silhouette, clean separated color regions, medium detail, a few reward accents, satisfying mid-game reveal, around 7 colors, night blue, festival red, star gold, and watermelon green palette, no background, no text",balanced color spread; visible silhouette from mid-progress; moderate detail
7,18,month-07,starry_festival_summer,star_cookie,food,medium,mid,always,Star Cookie,,daily_07_018_star_cookie_medium,daily_07_018_star_cookie_medium,8,32,8,3718,"simple star cookie sticker, centered, chunky pixel art, bold readable silhouette, clean separated color regions, medium detail, a few reward accents, satisfying mid-game reveal, around 8 colors, night blue, festival red, star gold, and watermelon green palette, no background, no text",balanced color spread; visible silhouette from mid-progress; moderate detail
7,19,month-07,starry_festival_summer,bon_dance_drum,objects,medium,mid,always,Bon Dance Drum,,daily_07_019_bon_dance_drum_medium,daily_07_019_bon_dance_drum_medium,6,32,6,3719,"simple bon dance drum sticker, centered, chunky pixel art, bold readable silhouette, clean separated color regions, medium detail, a few reward accents, satisfying mid-game reveal, around 6 colors, night blue, festival red, star gold, and watermelon green palette, no background, no text",balanced color spread; visible silhouette from mid-progress; moderate detail
7,20,month-07,starry_festival_summer,melon_soda,food,medium,mid,always,Melon Soda,,daily_07_020_melon_soda_medium,daily_07_020_melon_soda_medium,7,32,7,3720,"simple melon soda sticker, centered, chunky pixel art, bold readable silhouette, clean separated color regions, medium detail, a few reward accents, satisfying mid-game reveal, around 7 colors, night blue, festival red, star gold, and watermelon green palette, no background, no text",balanced color spread; visible silhouette from mid-progress; moderate detail
7,21,month-07,starry_festival_summer,firework_pin,plants,medium,late,always,Firework Pin,,daily_07_021_firework_pin_medium,daily_07_021_firework_pin_medium,8,32,8,3721,"simple firework pin sticker, centered, chunky pixel art, bold readable silhouette, clean separated color regions, medium detail, a few reward accents, satisfying mid-game reveal, around 8 colors, night blue, festival red, star gold, and watermelon green palette, no background, no text",balanced color spread; visible silhouette from mid-progress; moderate detail
7,22,month-07,starry_festival_summer,sun_sunflower,plants,medium,late,always,Sun Sunflower,,daily_07_022_sun_sunflower_medium,daily_07_022_sun_sunflower_medium,9,32,9,3722,"simple sun sunflower sticker, centered, chunky pixel art, bold readable silhouette, clean separated color regions, medium detail, a few reward accents, satisfying mid-game reveal, around 9 colors, night blue, festival red, star gold, and watermelon green palette, no background, no text",balanced color spread; visible silhouette from mid-progress; moderate detail
7,23,month-07,starry_festival_summer,festival_mask,seasonal,medium,late,always,Festival Mask,,daily_07_023_festival_mask_medium,daily_07_023_festival_mask_medium,6,32,6,3723,"simple festival mask sticker, centered, chunky pixel art, bold readable silhouette, clean separated color regions, medium detail, a few reward accents, satisfying mid-game reveal, around 6 colors, night blue, festival red, star gold, and watermelon green palette, no background, no text",balanced color spread; visible silhouette from mid-progress; moderate detail
7,24,month-07,starry_festival_summer,bamboo_flute,plants,medium,late,always,Bamboo Flute,,daily_07_024_bamboo_flute_medium,daily_07_024_bamboo_flute_medium,7,32,7,3724,"simple bamboo flute sticker, centered, chunky pixel art, bold readable silhouette, clean separated color regions, medium detail, a few reward accents, satisfying mid-game reveal, around 7 colors, night blue, festival red, star gold, and watermelon green palette, no background, no text",balanced color spread; visible silhouette from mid-progress; moderate detail
7,25,month-07,starry_festival_summer,coral_starfish,animals,medium,late,always,Coral Starfish,,daily_07_025_coral_starfish_medium,daily_07_025_coral_starfish_medium,8,32,8,3725,"simple coral starfish sticker, centered, chunky pixel art, bold readable silhouette, clean separated color regions, medium detail, a few reward accents, satisfying mid-game reveal, around 8 colors, night blue, festival red, star gold, and watermelon green palette, no background, no text",balanced color spread; visible silhouette from mid-progress; moderate detail
7,26,month-07,starry_festival_summer,moon_jelly,animals,hard,late,always,Moon Jelly,,daily_07_026_moon_jelly_hard,daily_07_026_moon_jelly_hard,10,32,9,3726,"simple moon jelly sticker, centered, chunky pixel art, bold readable silhouette, layered details with clean borders, no noisy dithering, distinct color blocks, advanced but readable, around 10 colors, night blue, festival red, star gold, and watermelon green palette, no background, no text",late-month challenge; richer palette; detail kept readable without checkerboarding
7,27,month-07,starry_festival_summer,sunset_soda,food,hard,late,always,Sunset Soda,,daily_07_027_sunset_soda_hard,daily_07_027_sunset_soda_hard,11,32,10,3727,"simple sunset soda sticker, centered, chunky pixel art, bold readable silhouette, layered details with clean borders, no noisy dithering, distinct color blocks, advanced but readable, around 11 colors, night blue, festival red, star gold, and watermelon green palette, no background, no text",late-month challenge; richer palette; detail kept readable without checkerboarding
7,28,month-07,starry_festival_summer,lantern_alley,seasonal,hard,late,always,Lantern Alley,,daily_07_028_lantern_alley_hard,daily_07_028_lantern_alley_hard,12,32,11,3728,"simple lantern alley sticker, centered, chunky pixel art, bold readable silhouette, layered details with clean borders, no noisy dithering, distinct color blocks, advanced but readable, around 12 colors, night blue, festival red, star gold, and watermelon green palette, no background, no text",late-month challenge; richer palette; detail kept readable without checkerboarding
7,29,month-07,starry_festival_summer,sky_whale,animals,hard,late,always,Sky Whale,,daily_07_029_sky_whale_hard,daily_07_029_sky_whale_hard,13,32,12,3729,"simple sky whale sticker, centered, chunky pixel art, bold readable silhouette, layered details with clean borders, no noisy dithering, distinct color blocks, advanced but readable, around 13 colors, night blue, festival red, star gold, and watermelon green palette, no background, no text",late-month challenge; richer palette; detail kept readable without checkerboarding
7,30,month-07,starry_festival_summer,seashell_note,objects,hard,late,always,Seashell Note,,daily_07_030_seashell_note_hard,daily_07_030_seashell_note_hard,14,32,13,3730,"simple seashell note sticker, centered, chunky pixel art, bold readable silhouette, layered details with clean borders, no noisy dithering, distinct color blocks, advanced but readable, around 14 colors, night blue, festival red, star gold, and watermelon green palette, no background, no text",late-month challenge; richer palette; detail kept readable without checkerboarding
7,31,month-07,starry_festival_summer,wish_card,objects,hard,late,always,Wish Card,,daily_07_031_wish_card_hard,daily_07_031_wish_card_hard,9,32,8,3731,"simple wish card sticker, centered, chunky pixel art, bold readable silhouette, layered details with clean borders, no noisy dithering, distinct color blocks, advanced but readable, around 9 colors, night blue, festival red, star gold, and watermelon green palette, no background, no text",late-month challenge; richer palette; detail kept readable without checkerboarding
8,1,month-08,beach_holiday_summer,sunflower,plants,easy,early,always,Sunflower,,daily_08_001_sunflower_easy,daily_08_001_sunflower_easy,4,32,4,3801,"simple sunflower sticker, centered, chunky pixel art, bold readable silhouette, large fill zones, very few isolated pixels, minimal tiny details, satisfying early shape reveal, around 4 colors, sea blue, sunflower yellow, coral orange, and cream palette, no background, no text",large primary shapes first; low island count; beginner-friendly fill flow
8,2,month-08,beach_holiday_summer,ocean_jellyfish,animals,easy,early,always,Ocean Jellyfish,,daily_08_002_ocean_jellyfish_easy,daily_08_002_ocean_jellyfish_easy,5,32,5,3802,"simple ocean jellyfish sticker, centered, chunky pixel art, bold readable silhouette, large fill zones, very few isolated pixels, minimal tiny details, satisfying early shape reveal, around 5 colors, sea blue, sunflower yellow, coral orange, and cream palette, no background, no text",large primary shapes first; low island count; beginner-friendly fill flow
8,3,month-08,beach_holiday_summer,shaved_ice_bear,animals,easy,early,always,Shaved Ice Bear,,daily_08_003_shaved_ice_bear_easy,daily_08_003_shaved_ice_bear_easy,5,32,5,3803,"simple shaved ice bear sticker, centered, chunky pixel art, bold readable silhouette, large fill zones, very few isolated pixels, minimal tiny details, satisfying early shape reveal, around 5 colors, sea blue, sunflower yellow, coral orange, and cream palette, no background, no text",large primary shapes first; low island count; beginner-friendly fill flow
8,4,month-08,beach_holiday_summer,fireworks_shell,plants,easy,early,always,Fireworks Shell,,daily_08_004_fireworks_shell_easy,daily_08_004_fireworks_shell_easy,6,32,6,3804,"simple fireworks shell sticker, centered, chunky pixel art, bold readable silhouette, large fill zones, very few isolated pixels, minimal tiny details, satisfying early shape reveal, around 6 colors, sea blue, sunflower yellow, coral orange, and cream palette, no background, no text",large primary shapes first; low island count; beginner-friendly fill flow
8,5,month-08,beach_holiday_summer,bug_net,objects,easy,early,always,Bug Net,,daily_08_005_bug_net_easy,daily_08_005_bug_net_easy,4,32,4,3805,"simple bug net sticker, centered, chunky pixel art, bold readable silhouette, large fill zones, very few isolated pixels, minimal tiny details, satisfying early shape reveal, around 4 colors, sea blue, sunflower yellow, coral orange, and cream palette, no background, no text",large primary shapes first; low island count; beginner-friendly fill flow
8,6,month-08,beach_holiday_summer,watermelon_pop,food,easy,early,always,Watermelon Pop,,daily_08_006_watermelon_pop_easy,daily_08_006_watermelon_pop_easy,5,32,5,3806,"simple watermelon pop sticker, centered, chunky pixel art, bold readable silhouette, large fill zones, very few isolated pixels, minimal tiny details, satisfying early shape reveal, around 5 colors, sea blue, sunflower yellow, coral orange, and cream palette, no background, no text",large primary shapes first; low island count; beginner-friendly fill flow
8,7,month-08,beach_holiday_summer,beach_sandal,objects,easy,early,always,Beach Sandal,,daily_08_007_beach_sandal_easy,daily_08_007_beach_sandal_easy,6,32,6,3807,"simple beach sandal sticker, centered, chunky pixel art, bold readable silhouette, large fill zones, very few isolated pixels, minimal tiny details, satisfying early shape reveal, around 6 colors, sea blue, sunflower yellow, coral orange, and cream palette, no background, no text",large primary shapes first; low island count; beginner-friendly fill flow
8,8,month-08,beach_holiday_summer,ice_cream_cart,objects,easy,early,always,Ice Cream Cart,,daily_08_008_ice_cream_cart_easy,daily_08_008_ice_cream_cart_easy,4,32,4,3808,"simple ice cream cart sticker, centered, chunky pixel art, bold readable silhouette, large fill zones, very few isolated pixels, minimal tiny details, satisfying early shape reveal, around 4 colors, sea blue, sunflower yellow, coral orange, and cream palette, no background, no text",large primary shapes first; low island count; beginner-friendly fill flow
8,9,month-08,beach_holiday_summer,dolphin_splash,animals,easy,early,always,Dolphin Splash,,daily_08_009_dolphin_splash_easy,daily_08_009_dolphin_splash_easy,5,32,5,3809,"simple dolphin splash sticker, centered, chunky pixel art, bold readable silhouette, large fill zones, very few isolated pixels, minimal tiny details, satisfying early shape reveal, around 5 colors, sea blue, sunflower yellow, coral orange, and cream palette, no background, no text",large primary shapes first; low island count; beginner-friendly fill flow
8,10,month-08,beach_holiday_summer,float_ring,objects,easy,early,always,Float Ring,,daily_08_010_float_ring_easy,daily_08_010_float_ring_easy,6,32,6,3810,"simple float ring sticker, centered, chunky pixel art, bold readable silhouette, large fill zones, very few isolated pixels, minimal tiny details, satisfying early shape reveal, around 6 colors, sea blue, sunflower yellow, coral orange, and cream palette, no background, no text",large primary shapes first; low island count; beginner-friendly fill flow
8,11,month-08,beach_holiday_summer,coral_fish,animals,easy,mid,always,Coral Fish,,daily_08_011_coral_fish_easy,daily_08_011_coral_fish_easy,5,32,5,3811,"simple coral fish sticker, centered, chunky pixel art, bold readable silhouette, large fill zones, very few isolated pixels, minimal tiny details, satisfying early shape reveal, around 5 colors, sea blue, sunflower yellow, coral orange, and cream palette, no background, no text",large primary shapes first; low island count; beginner-friendly fill flow
8,12,month-08,beach_holiday_summer,camp_lantern,seasonal,medium,mid,always,Camp Lantern,,daily_08_012_camp_lantern_medium,daily_08_012_camp_lantern_medium,9,32,9,3812,"simple camp lantern sticker, centered, chunky pixel art, bold readable silhouette, clean separated color regions, medium detail, a few reward accents, satisfying mid-game reveal, around 9 colors, sea blue, sunflower yellow, coral orange, and cream palette, no background, no text",balanced color spread; visible silhouette from mid-progress; moderate detail
8,13,month-08,beach_holiday_summer,tomato_basket,objects,medium,mid,always,Tomato Basket,,daily_08_013_tomato_basket_medium,daily_08_013_tomato_basket_medium,7,32,7,3813,"simple tomato basket sticker, centered, chunky pixel art, bold readable silhouette, clean separated color regions, medium detail, a few reward accents, satisfying mid-game reveal, around 7 colors, sea blue, sunflower yellow, coral orange, and cream palette, no background, no text",balanced color spread; visible silhouette from mid-progress; moderate detail
8,14,month-08,beach_holiday_summer,lemonade_jar,food,medium,mid,always,Lemonade Jar,,daily_08_014_lemonade_jar_medium,daily_08_014_lemonade_jar_medium,8,32,8,3814,"simple lemonade jar sticker, centered, chunky pixel art, bold readable silhouette, clean separated color regions, medium detail, a few reward accents, satisfying mid-game reveal, around 8 colors, sea blue, sunflower yellow, coral orange, and cream palette, no background, no text",balanced color spread; visible silhouette from mid-progress; moderate detail
8,15,month-08,beach_holiday_summer,straw_hat,objects,medium,mid,always,Straw Hat,,daily_08_015_straw_hat_medium,daily_08_015_straw_hat_medium,6,32,6,3815,"simple straw hat sticker, centered, chunky pixel art, bold readable silhouette, clean separated color regions, medium detail, a few reward accents, satisfying mid-game reveal, around 6 colors, sea blue, sunflower yellow, coral orange, and cream palette, no background, no text",balanced color spread; visible silhouette from mid-progress; moderate detail
8,16,month-08,beach_holiday_summer,seashell_crown,animals,medium,mid,always,Seashell Crown,,daily_08_016_seashell_crown_medium,daily_08_016_seashell_crown_medium,7,32,7,3816,"simple seashell crown sticker, centered, chunky pixel art, bold readable silhouette, clean separated color regions, medium detail, a few reward accents, satisfying mid-game reveal, around 7 colors, sea blue, sunflower yellow, coral orange, and cream palette, no background, no text",balanced color spread; visible silhouette from mid-progress; moderate detail
8,17,month-08,beach_holiday_summer,whale_cloud,animals,medium,mid,always,Whale Cloud,,daily_08_017_whale_cloud_medium,daily_08_017_whale_cloud_medium,7,32,7,3817,"simple whale cloud sticker, centered, chunky pixel art, bold readable silhouette, clean separated color regions, medium detail, a few reward accents, satisfying mid-game reveal, around 7 colors, sea blue, sunflower yellow, coral orange, and cream palette, no background, no text",balanced color spread; visible silhouette from mid-progress; moderate detail
8,18,month-08,beach_holiday_summer,mango_parfait,food,medium,mid,always,Mango Parfait,,daily_08_018_mango_parfait_medium,daily_08_018_mango_parfait_medium,8,32,8,3818,"simple mango parfait sticker, centered, chunky pixel art, bold readable silhouette, clean separated color regions, medium detail, a few reward accents, satisfying mid-game reveal, around 8 colors, sea blue, sunflower yellow, coral orange, and cream palette, no background, no text",balanced color spread; visible silhouette from mid-progress; moderate detail
8,19,month-08,beach_holiday_summer,sailboat,objects,medium,mid,always,Sailboat,,daily_08_019_sailboat_medium,daily_08_019_sailboat_medium,6,32,6,3819,"simple sailboat sticker, centered, chunky pixel art, bold readable silhouette, clean separated color regions, medium detail, a few reward accents, satisfying mid-game reveal, around 6 colors, sea blue, sunflower yellow, coral orange, and cream palette, no background, no text",balanced color spread; visible silhouette from mid-progress; moderate detail
8,20,month-08,beach_holiday_summer,beach_umbrella,objects,medium,mid,always,Beach Umbrella,,daily_08_020_beach_umbrella_medium,daily_08_020_beach_umbrella_medium,7,32,7,3820,"simple beach umbrella sticker, centered, chunky pixel art, bold readable silhouette, clean separated color regions, medium detail, a few reward accents, satisfying mid-game reveal, around 7 colors, sea blue, sunflower yellow, coral orange, and cream palette, no background, no text",balanced color spread; visible silhouette from mid-progress; moderate detail
8,21,month-08,beach_holiday_summer,mountain_beetle,animals,medium,late,always,Mountain Beetle,,daily_08_021_mountain_beetle_medium,daily_08_021_mountain_beetle_medium,8,32,8,3821,"simple mountain beetle sticker, centered, chunky pixel art, bold readable silhouette, clean separated color regions, medium detail, a few reward accents, satisfying mid-game reveal, around 8 colors, sea blue, sunflower yellow, coral orange, and cream palette, no background, no text",balanced color spread; visible silhouette from mid-progress; moderate detail
8,22,month-08,beach_holiday_summer,night_bonfire,plants,medium,late,always,Night Bonfire,,daily_08_022_night_bonfire_medium,daily_08_022_night_bonfire_medium,9,32,9,3822,"simple night bonfire sticker, centered, chunky pixel art, bold readable silhouette, clean separated color regions, medium detail, a few reward accents, satisfying mid-game reveal, around 9 colors, sea blue, sunflower yellow, coral orange, and cream palette, no background, no text",balanced color spread; visible silhouette from mid-progress; moderate detail
8,23,month-08,beach_holiday_summer,pineapple_drink,food,medium,late,always,Pineapple Drink,,daily_08_023_pineapple_drink_medium,daily_08_023_pineapple_drink_medium,6,32,6,3823,"simple pineapple drink sticker, centered, chunky pixel art, bold readable silhouette, clean separated color regions, medium detail, a few reward accents, satisfying mid-game reveal, around 6 colors, sea blue, sunflower yellow, coral orange, and cream palette, no background, no text",balanced color spread; visible silhouette from mid-progress; moderate detail
8,24,month-08,beach_holiday_summer,festival_cotton_candy,food,medium,late,always,Festival Cotton Candy,,daily_08_024_festival_cotton_candy_medium,daily_08_024_festival_cotton_candy_medium,7,32,7,3824,"simple festival cotton candy sticker, centered, chunky pixel art, bold readable silhouette, clean separated color regions, medium detail, a few reward accents, satisfying mid-game reveal, around 7 colors, sea blue, sunflower yellow, coral orange, and cream palette, no background, no text",balanced color spread; visible silhouette from mid-progress; moderate detail
8,25,month-08,beach_holiday_summer,river_fish,animals,medium,late,always,River Fish,,daily_08_025_river_fish_medium,daily_08_025_river_fish_medium,8,32,8,3825,"simple river fish sticker, centered, chunky pixel art, bold readable silhouette, clean separated color regions, medium detail, a few reward accents, satisfying mid-game reveal, around 8 colors, sea blue, sunflower yellow, coral orange, and cream palette, no background, no text",balanced color spread; visible silhouette from mid-progress; moderate detail
8,26,month-08,beach_holiday_summer,hammock_cat,animals,hard,late,always,Hammock Cat,,daily_08_026_hammock_cat_hard,daily_08_026_hammock_cat_hard,10,32,9,3826,"simple hammock cat sticker, centered, chunky pixel art, bold readable silhouette, layered details with clean borders, no noisy dithering, distinct color blocks, advanced but readable, around 10 colors, sea blue, sunflower yellow, coral orange, and cream palette, no background, no text",late-month challenge; richer palette; detail kept readable without checkerboarding
8,27,month-08,beach_holiday_summer,tropical_flower,plants,hard,late,always,Tropical Flower,,daily_08_027_tropical_flower_hard,daily_08_027_tropical_flower_hard,11,32,10,3827,"simple tropical flower sticker, centered, chunky pixel art, bold readable silhouette, layered details with clean borders, no noisy dithering, distinct color blocks, advanced but readable, around 11 colors, sea blue, sunflower yellow, coral orange, and cream palette, no background, no text",late-month challenge; richer palette; detail kept readable without checkerboarding
8,28,month-08,beach_holiday_summer,stargazing_tent,seasonal,hard,late,always,Stargazing Tent,,daily_08_028_stargazing_tent_hard,daily_08_028_stargazing_tent_hard,12,32,11,3828,"simple stargazing tent sticker, centered, chunky pixel art, bold readable silhouette, layered details with clean borders, no noisy dithering, distinct color blocks, advanced but readable, around 12 colors, sea blue, sunflower yellow, coral orange, and cream palette, no background, no text",late-month challenge; richer palette; detail kept readable without checkerboarding
8,29,month-08,beach_holiday_summer,lantern_bug,seasonal,hard,late,always,Lantern Bug,,daily_08_029_lantern_bug_hard,daily_08_029_lantern_bug_hard,13,32,12,3829,"simple lantern bug sticker, centered, chunky pixel art, bold readable silhouette, layered details with clean borders, no noisy dithering, distinct color blocks, advanced but readable, around 13 colors, sea blue, sunflower yellow, coral orange, and cream palette, no background, no text",late-month challenge; richer palette; detail kept readable without checkerboarding
8,30,month-08,beach_holiday_summer,ocean_postcard,objects,hard,late,always,Ocean Postcard,,daily_08_030_ocean_postcard_hard,daily_08_030_ocean_postcard_hard,14,32,13,3830,"simple ocean postcard sticker, centered, chunky pixel art, bold readable silhouette, layered details with clean borders, no noisy dithering, distinct color blocks, advanced but readable, around 14 colors, sea blue, sunflower yellow, coral orange, and cream palette, no background, no text",late-month challenge; richer palette; detail kept readable without checkerboarding
8,31,month-08,beach_holiday_summer,tide_pool_crab,animals,hard,late,always,Tide Pool Crab,,daily_08_031_tide_pool_crab_hard,daily_08_031_tide_pool_crab_hard,9,32,8,3831,"simple tide pool crab sticker, centered, chunky pixel art, bold readable silhouette, layered details with clean borders, no noisy dithering, distinct color blocks, advanced but readable, around 9 colors, sea blue, sunflower yellow, coral orange, and cream palette, no background, no text",late-month challenge; richer palette; detail kept readable without checkerboarding
9,1,month-09,moon_viewing_autumn,moon_rabbit,animals,easy,early,always,Moon Rabbit,,daily_09_001_moon_rabbit_easy,daily_09_001_moon_rabbit_easy,4,32,4,3901,"simple moon rabbit sticker, centered, chunky pixel art, bold readable silhouette, large fill zones, very few isolated pixels, minimal tiny details, satisfying early shape reveal, around 4 colors, moon gold, chestnut brown, pampas beige, and grape purple palette, no background, no text",large primary shapes first; low island count; beginner-friendly fill flow
9,2,month-09,moon_viewing_autumn,dango_stack,food,easy,early,always,Dango Stack,,daily_09_002_dango_stack_easy,daily_09_002_dango_stack_easy,5,32,5,3902,"simple dango stack sticker, centered, chunky pixel art, bold readable silhouette, large fill zones, very few isolated pixels, minimal tiny details, satisfying early shape reveal, around 5 colors, moon gold, chestnut brown, pampas beige, and grape purple palette, no background, no text",large primary shapes first; low island count; beginner-friendly fill flow
9,3,month-09,moon_viewing_autumn,pampas_grass,plants,easy,early,always,Pampas Grass,,daily_09_003_pampas_grass_easy,daily_09_003_pampas_grass_easy,5,32,5,3903,"simple pampas grass sticker, centered, chunky pixel art, bold readable silhouette, large fill zones, very few isolated pixels, minimal tiny details, satisfying early shape reveal, around 5 colors, moon gold, chestnut brown, pampas beige, and grape purple palette, no background, no text",large primary shapes first; low island count; beginner-friendly fill flow
9,4,month-09,moon_viewing_autumn,reading_cat,animals,easy,early,always,Reading Cat,,daily_09_004_reading_cat_easy,daily_09_004_reading_cat_easy,6,32,6,3904,"simple reading cat sticker, centered, chunky pixel art, bold readable silhouette, large fill zones, very few isolated pixels, minimal tiny details, satisfying early shape reveal, around 6 colors, moon gold, chestnut brown, pampas beige, and grape purple palette, no background, no text",large primary shapes first; low island count; beginner-friendly fill flow
9,5,month-09,moon_viewing_autumn,acorn_basket,plants,easy,early,always,Acorn Basket,,daily_09_005_acorn_basket_easy,daily_09_005_acorn_basket_easy,4,32,4,3905,"simple acorn basket sticker, centered, chunky pixel art, bold readable silhouette, large fill zones, very few isolated pixels, minimal tiny details, satisfying early shape reveal, around 4 colors, moon gold, chestnut brown, pampas beige, and grape purple palette, no background, no text",large primary shapes first; low island count; beginner-friendly fill flow
9,6,month-09,moon_viewing_autumn,pear_tart,food,easy,early,always,Pear Tart,,daily_09_006_pear_tart_easy,daily_09_006_pear_tart_easy,5,32,5,3906,"simple pear tart sticker, centered, chunky pixel art, bold readable silhouette, large fill zones, very few isolated pixels, minimal tiny details, satisfying early shape reveal, around 5 colors, moon gold, chestnut brown, pampas beige, and grape purple palette, no background, no text",large primary shapes first; low island count; beginner-friendly fill flow
9,7,month-09,moon_viewing_autumn,chestnut_cup,objects,easy,early,always,Chestnut Cup,,daily_09_007_chestnut_cup_easy,daily_09_007_chestnut_cup_easy,6,32,6,3907,"simple chestnut cup sticker, centered, chunky pixel art, bold readable silhouette, large fill zones, very few isolated pixels, minimal tiny details, satisfying early shape reveal, around 6 colors, moon gold, chestnut brown, pampas beige, and grape purple palette, no background, no text",large primary shapes first; low island count; beginner-friendly fill flow
9,8,month-09,moon_viewing_autumn,owl_bookmark,animals,easy,early,always,Owl Bookmark,,daily_09_008_owl_bookmark_easy,daily_09_008_owl_bookmark_easy,4,32,4,3908,"simple owl bookmark sticker, centered, chunky pixel art, bold readable silhouette, large fill zones, very few isolated pixels, minimal tiny details, satisfying early shape reveal, around 4 colors, moon gold, chestnut brown, pampas beige, and grape purple palette, no background, no text",large primary shapes first; low island count; beginner-friendly fill flow
9,9,month-09,moon_viewing_autumn,harvest_wagon,objects,easy,early,always,Harvest Wagon,,daily_09_009_harvest_wagon_easy,daily_09_009_harvest_wagon_easy,5,32,5,3909,"simple harvest wagon sticker, centered, chunky pixel art, bold readable silhouette, large fill zones, very few isolated pixels, minimal tiny details, satisfying early shape reveal, around 5 colors, moon gold, chestnut brown, pampas beige, and grape purple palette, no background, no text",large primary shapes first; low island count; beginner-friendly fill flow
9,10,month-09,moon_viewing_autumn,grape_bunch,food,easy,early,always,Grape Bunch,,daily_09_010_grape_bunch_easy,daily_09_010_grape_bunch_easy,6,32,6,3910,"simple grape bunch sticker, centered, chunky pixel art, bold readable silhouette, large fill zones, very few isolated pixels, minimal tiny details, satisfying early shape reveal, around 6 colors, moon gold, chestnut brown, pampas beige, and grape purple palette, no background, no text",large primary shapes first; low island count; beginner-friendly fill flow
9,11,month-09,moon_viewing_autumn,moon_lantern,seasonal,medium,mid,always,Moon Lantern,,daily_09_011_moon_lantern_medium,daily_09_011_moon_lantern_medium,8,32,8,3911,"simple moon lantern sticker, centered, chunky pixel art, bold readable silhouette, clean separated color regions, medium detail, a few reward accents, satisfying mid-game reveal, around 8 colors, moon gold, chestnut brown, pampas beige, and grape purple palette, no background, no text",balanced color spread; visible silhouette from mid-progress; moderate detail
9,12,month-09,moon_viewing_autumn,fox_postcard,animals,medium,mid,always,Fox Postcard,,daily_09_012_fox_postcard_medium,daily_09_012_fox_postcard_medium,9,32,9,3912,"simple fox postcard sticker, centered, chunky pixel art, bold readable silhouette, clean separated color regions, medium detail, a few reward accents, satisfying mid-game reveal, around 9 colors, moon gold, chestnut brown, pampas beige, and grape purple palette, no background, no text",balanced color spread; visible silhouette from mid-progress; moderate detail
9,13,month-09,moon_viewing_autumn,cozy_sweater,objects,medium,mid,always,Cozy Sweater,,daily_09_013_cozy_sweater_medium,daily_09_013_cozy_sweater_medium,7,32,7,3913,"simple cozy sweater sticker, centered, chunky pixel art, bold readable silhouette, clean separated color regions, medium detail, a few reward accents, satisfying mid-game reveal, around 7 colors, moon gold, chestnut brown, pampas beige, and grape purple palette, no background, no text",balanced color spread; visible silhouette from mid-progress; moderate detail
9,14,month-09,moon_viewing_autumn,mushroom_stool,plants,medium,mid,always,Mushroom Stool,,daily_09_014_mushroom_stool_medium,daily_09_014_mushroom_stool_medium,8,32,8,3914,"simple mushroom stool sticker, centered, chunky pixel art, bold readable silhouette, clean separated color regions, medium detail, a few reward accents, satisfying mid-game reveal, around 8 colors, moon gold, chestnut brown, pampas beige, and grape purple palette, no background, no text",balanced color spread; visible silhouette from mid-progress; moderate detail
9,15,month-09,moon_viewing_autumn,autumn_leaf_pin,plants,medium,mid,always,Autumn Leaf Pin,,daily_09_015_autumn_leaf_pin_medium,daily_09_015_autumn_leaf_pin_medium,6,32,6,3915,"simple autumn leaf pin sticker, centered, chunky pixel art, bold readable silhouette, clean separated color regions, medium detail, a few reward accents, satisfying mid-game reveal, around 6 colors, moon gold, chestnut brown, pampas beige, and grape purple palette, no background, no text",balanced color spread; visible silhouette from mid-progress; moderate detail
9,16,month-09,moon_viewing_autumn,rice_ball_picnic,objects,medium,mid,always,Rice Ball Picnic,,daily_09_016_rice_ball_picnic_medium,daily_09_016_rice_ball_picnic_medium,7,32,7,3916,"simple rice ball picnic sticker, centered, chunky pixel art, bold readable silhouette, clean separated color regions, medium detail, a few reward accents, satisfying mid-game reveal, around 7 colors, moon gold, chestnut brown, pampas beige, and grape purple palette, no background, no text",balanced color spread; visible silhouette from mid-progress; moderate detail
9,17,month-09,moon_viewing_autumn,teapot_steam,food,medium,mid,always,Teapot Steam,,daily_09_017_teapot_steam_medium,daily_09_017_teapot_steam_medium,7,32,7,3917,"simple teapot steam sticker, centered, chunky pixel art, bold readable silhouette, clean separated color regions, medium detail, a few reward accents, satisfying mid-game reveal, around 7 colors, moon gold, chestnut brown, pampas beige, and grape purple palette, no background, no text",balanced color spread; visible silhouette from mid-progress; moderate detail
9,18,month-09,moon_viewing_autumn,persimmon_branch,plants,medium,mid,always,Persimmon Branch,,daily_09_018_persimmon_branch_medium,daily_09_018_persimmon_branch_medium,8,32,8,3918,"simple persimmon branch sticker, centered, chunky pixel art, bold readable silhouette, clean separated color regions, medium detail, a few reward accents, satisfying mid-game reveal, around 8 colors, moon gold, chestnut brown, pampas beige, and grape purple palette, no background, no text",balanced color spread; visible silhouette from mid-progress; moderate detail
9,19,month-09,moon_viewing_autumn,star_bookmark,seasonal,medium,mid,always,Star Bookmark,,daily_09_019_star_bookmark_medium,daily_09_019_star_bookmark_medium,6,32,6,3919,"simple star bookmark sticker, centered, chunky pixel art, bold readable silhouette, clean separated color regions, medium detail, a few reward accents, satisfying mid-game reveal, around 6 colors, moon gold, chestnut brown, pampas beige, and grape purple palette, no background, no text",balanced color spread; visible silhouette from mid-progress; moderate detail
9,20,month-09,moon_viewing_autumn,picnic_thermos,objects,medium,mid,always,Picnic Thermos,,daily_09_020_picnic_thermos_medium,daily_09_020_picnic_thermos_medium,7,32,7,3920,"simple picnic thermos sticker, centered, chunky pixel art, bold readable silhouette, clean separated color regions, medium detail, a few reward accents, satisfying mid-game reveal, around 7 colors, moon gold, chestnut brown, pampas beige, and grape purple palette, no background, no text",balanced color spread; visible silhouette from mid-progress; moderate detail
9,21,month-09,moon_viewing_autumn,cloud_sheep,objects,medium,late,always,Cloud Sheep,,daily_09_021_cloud_sheep_medium,daily_09_021_cloud_sheep_medium,8,32,8,3921,"simple cloud sheep sticker, centered, chunky pixel art, bold readable silhouette, clean separated color regions, medium detail, a few reward accents, satisfying mid-game reveal, around 8 colors, moon gold, chestnut brown, pampas beige, and grape purple palette, no background, no text",balanced color spread; visible silhouette from mid-progress; moderate detail
9,22,month-09,moon_viewing_autumn,maple_cookie,food,medium,late,always,Maple Cookie,,daily_09_022_maple_cookie_medium,daily_09_022_maple_cookie_medium,9,32,9,3922,"simple maple cookie sticker, centered, chunky pixel art, bold readable silhouette, clean separated color regions, medium detail, a few reward accents, satisfying mid-game reveal, around 9 colors, moon gold, chestnut brown, pampas beige, and grape purple palette, no background, no text",balanced color spread; visible silhouette from mid-progress; moderate detail
9,23,month-09,moon_viewing_autumn,denim_overalls,objects,medium,late,always,Denim Overalls,,daily_09_023_denim_overalls_medium,daily_09_023_denim_overalls_medium,6,32,6,3923,"simple denim overalls sticker, centered, chunky pixel art, bold readable silhouette, clean separated color regions, medium detail, a few reward accents, satisfying mid-game reveal, around 6 colors, moon gold, chestnut brown, pampas beige, and grape purple palette, no background, no text",balanced color spread; visible silhouette from mid-progress; moderate detail
9,24,month-09,moon_viewing_autumn,book_lamp,objects,medium,late,always,Book Lamp,,daily_09_024_book_lamp_medium,daily_09_024_book_lamp_medium,7,32,7,3924,"simple book lamp sticker, centered, chunky pixel art, bold readable silhouette, clean separated color regions, medium detail, a few reward accents, satisfying mid-game reveal, around 7 colors, moon gold, chestnut brown, pampas beige, and grape purple palette, no background, no text",balanced color spread; visible silhouette from mid-progress; moderate detail
9,25,month-09,moon_viewing_autumn,wheat_bundle,plants,hard,late,always,Wheat Bundle,,daily_09_025_wheat_bundle_hard,daily_09_025_wheat_bundle_hard,9,32,8,3925,"simple wheat bundle sticker, centered, chunky pixel art, bold readable silhouette, layered details with clean borders, no noisy dithering, distinct color blocks, advanced but readable, around 9 colors, moon gold, chestnut brown, pampas beige, and grape purple palette, no background, no text",late-month challenge; richer palette; detail kept readable without checkerboarding
9,26,month-09,moon_viewing_autumn,crescent_cup,objects,hard,late,always,Crescent Cup,,daily_09_026_crescent_cup_hard,daily_09_026_crescent_cup_hard,10,32,9,3926,"simple crescent cup sticker, centered, chunky pixel art, bold readable silhouette, layered details with clean borders, no noisy dithering, distinct color blocks, advanced but readable, around 10 colors, moon gold, chestnut brown, pampas beige, and grape purple palette, no background, no text",late-month challenge; richer palette; detail kept readable without checkerboarding
9,27,month-09,moon_viewing_autumn,squirrel_scarf,animals,hard,late,always,Squirrel Scarf,,daily_09_027_squirrel_scarf_hard,daily_09_027_squirrel_scarf_hard,11,32,10,3927,"simple squirrel scarf sticker, centered, chunky pixel art, bold readable silhouette, layered details with clean borders, no noisy dithering, distinct color blocks, advanced but readable, around 11 colors, moon gold, chestnut brown, pampas beige, and grape purple palette, no background, no text",late-month challenge; richer palette; detail kept readable without checkerboarding
9,28,month-09,moon_viewing_autumn,music_box,objects,hard,late,always,Music Box,,daily_09_028_music_box_hard,daily_09_028_music_box_hard,12,32,11,3928,"simple music box sticker, centered, chunky pixel art, bold readable silhouette, layered details with clean borders, no noisy dithering, distinct color blocks, advanced but readable, around 12 colors, moon gold, chestnut brown, pampas beige, and grape purple palette, no background, no text",late-month challenge; richer palette; detail kept readable without checkerboarding
9,29,month-09,moon_viewing_autumn,autumn_jam,food,hard,late,always,Autumn Jam,,daily_09_029_autumn_jam_hard,daily_09_029_autumn_jam_hard,13,32,12,3929,"simple autumn jam sticker, centered, chunky pixel art, bold readable silhouette, layered details with clean borders, no noisy dithering, distinct color blocks, advanced but readable, around 13 colors, moon gold, chestnut brown, pampas beige, and grape purple palette, no background, no text",late-month challenge; richer palette; detail kept readable without checkerboarding
9,30,month-09,moon_viewing_autumn,moon_tea,food,hard,late,always,Moon Tea,,daily_09_030_moon_tea_hard,daily_09_030_moon_tea_hard,14,32,13,3930,"simple moon tea sticker, centered, chunky pixel art, bold readable silhouette, layered details with clean borders, no noisy dithering, distinct color blocks, advanced but readable, around 14 colors, moon gold, chestnut brown, pampas beige, and grape purple palette, no background, no text",late-month challenge; richer palette; detail kept readable without checkerboarding
10,1,month-10,halloween_night,pumpkin_lantern,seasonal,easy,early,always,Pumpkin Lantern,,daily_10_001_pumpkin_lantern_easy,daily_10_001_pumpkin_lantern_easy,4,32,4,4001,"simple pumpkin lantern sticker, centered, chunky pixel art, bold readable silhouette, large fill zones, very few isolated pixels, minimal tiny details, satisfying early shape reveal, around 4 colors, pumpkin orange, midnight purple, candy pink, and ghost cream palette, no background, no text",large primary shapes first; low island count; beginner-friendly fill flow
10,2,month-10,halloween_night,ghost_sheet,seasonal,easy,early,always,Ghost Sheet,,daily_10_002_ghost_sheet_easy,daily_10_002_ghost_sheet_easy,5,32,5,4002,"simple ghost sheet sticker, centered, chunky pixel art, bold readable silhouette, large fill zones, very few isolated pixels, minimal tiny details, satisfying early shape reveal, around 5 colors, pumpkin orange, midnight purple, candy pink, and ghost cream palette, no background, no text",large primary shapes first; low island count; beginner-friendly fill flow
10,3,month-10,halloween_night,bat_candy,food,easy,early,always,Bat Candy,,daily_10_003_bat_candy_easy,daily_10_003_bat_candy_easy,5,32,5,4003,"simple bat candy sticker, centered, chunky pixel art, bold readable silhouette, large fill zones, very few isolated pixels, minimal tiny details, satisfying early shape reveal, around 5 colors, pumpkin orange, midnight purple, candy pink, and ghost cream palette, no background, no text",large primary shapes first; low island count; beginner-friendly fill flow
10,4,month-10,halloween_night,witch_hat,seasonal,easy,early,always,Witch Hat,,daily_10_004_witch_hat_easy,daily_10_004_witch_hat_easy,6,32,6,4004,"simple witch hat sticker, centered, chunky pixel art, bold readable silhouette, large fill zones, very few isolated pixels, minimal tiny details, satisfying early shape reveal, around 6 colors, pumpkin orange, midnight purple, candy pink, and ghost cream palette, no background, no text",large primary shapes first; low island count; beginner-friendly fill flow
10,5,month-10,halloween_night,black_cat,animals,easy,early,always,Black Cat,,daily_10_005_black_cat_easy,daily_10_005_black_cat_easy,4,32,4,4005,"simple black cat sticker, centered, chunky pixel art, bold readable silhouette, large fill zones, very few isolated pixels, minimal tiny details, satisfying early shape reveal, around 4 colors, pumpkin orange, midnight purple, candy pink, and ghost cream palette, no background, no text",large primary shapes first; low island count; beginner-friendly fill flow
10,6,month-10,halloween_night,candy_corn_bag,food,easy,early,always,Candy Corn Bag,,daily_10_006_candy_corn_bag_easy,daily_10_006_candy_corn_bag_easy,5,32,5,4006,"simple candy corn bag sticker, centered, chunky pixel art, bold readable silhouette, large fill zones, very few isolated pixels, minimal tiny details, satisfying early shape reveal, around 5 colors, pumpkin orange, midnight purple, candy pink, and ghost cream palette, no background, no text",large primary shapes first; low island count; beginner-friendly fill flow
10,7,month-10,halloween_night,spider_teacup,food,easy,early,always,Spider Teacup,,daily_10_007_spider_teacup_easy,daily_10_007_spider_teacup_easy,6,32,6,4007,"simple spider teacup sticker, centered, chunky pixel art, bold readable silhouette, large fill zones, very few isolated pixels, minimal tiny details, satisfying early shape reveal, around 6 colors, pumpkin orange, midnight purple, candy pink, and ghost cream palette, no background, no text",large primary shapes first; low island count; beginner-friendly fill flow
10,8,month-10,halloween_night,moon_broom,seasonal,easy,early,always,Moon Broom,,daily_10_008_moon_broom_easy,daily_10_008_moon_broom_easy,4,32,4,4008,"simple moon broom sticker, centered, chunky pixel art, bold readable silhouette, large fill zones, very few isolated pixels, minimal tiny details, satisfying early shape reveal, around 4 colors, pumpkin orange, midnight purple, candy pink, and ghost cream palette, no background, no text",large primary shapes first; low island count; beginner-friendly fill flow
10,9,month-10,halloween_night,haunted_house,objects,easy,early,always,Haunted House,,daily_10_009_haunted_house_easy,daily_10_009_haunted_house_easy,5,32,5,4009,"simple haunted house sticker, centered, chunky pixel art, bold readable silhouette, large fill zones, very few isolated pixels, minimal tiny details, satisfying early shape reveal, around 5 colors, pumpkin orange, midnight purple, candy pink, and ghost cream palette, no background, no text",large primary shapes first; low island count; beginner-friendly fill flow
10,10,month-10,halloween_night,purple_potion,objects,easy,early,always,Purple Potion,,daily_10_010_purple_potion_easy,daily_10_010_purple_potion_easy,6,32,6,4010,"simple purple potion sticker, centered, chunky pixel art, bold readable silhouette, large fill zones, very few isolated pixels, minimal tiny details, satisfying early shape reveal, around 6 colors, pumpkin orange, midnight purple, candy pink, and ghost cream palette, no background, no text",large primary shapes first; low island count; beginner-friendly fill flow
10,11,month-10,halloween_night,jack_o_lantern_pie,food,easy,mid,always,Jack O Lantern Pie,,daily_10_011_jack_o_lantern_pie_easy,daily_10_011_jack_o_lantern_pie_easy,5,32,5,4011,"simple jack o lantern pie sticker, centered, chunky pixel art, bold readable silhouette, large fill zones, very few isolated pixels, minimal tiny details, satisfying early shape reveal, around 5 colors, pumpkin orange, midnight purple, candy pink, and ghost cream palette, no background, no text",large primary shapes first; low island count; beginner-friendly fill flow
10,12,month-10,halloween_night,skeleton_key,objects,medium,mid,always,Skeleton Key,,daily_10_012_skeleton_key_medium,daily_10_012_skeleton_key_medium,9,32,9,4012,"simple skeleton key sticker, centered, chunky pixel art, bold readable silhouette, clean separated color regions, medium detail, a few reward accents, satisfying mid-game reveal, around 9 colors, pumpkin orange, midnight purple, candy pink, and ghost cream palette, no background, no text",balanced color spread; visible silhouette from mid-progress; moderate detail
10,13,month-10,halloween_night,raven_letter,objects,medium,mid,always,Raven Letter,,daily_10_013_raven_letter_medium,daily_10_013_raven_letter_medium,7,32,7,4013,"simple raven letter sticker, centered, chunky pixel art, bold readable silhouette, clean separated color regions, medium detail, a few reward accents, satisfying mid-game reveal, around 7 colors, pumpkin orange, midnight purple, candy pink, and ghost cream palette, no background, no text",balanced color spread; visible silhouette from mid-progress; moderate detail
10,14,month-10,halloween_night,star_cloak,seasonal,medium,mid,always,Star Cloak,,daily_10_014_star_cloak_medium,daily_10_014_star_cloak_medium,8,32,8,4014,"simple star cloak sticker, centered, chunky pixel art, bold readable silhouette, clean separated color regions, medium detail, a few reward accents, satisfying mid-game reveal, around 8 colors, pumpkin orange, midnight purple, candy pink, and ghost cream palette, no background, no text",balanced color spread; visible silhouette from mid-progress; moderate detail
10,15,month-10,halloween_night,caramel_apple,food,medium,mid,always,Caramel Apple,,daily_10_015_caramel_apple_medium,daily_10_015_caramel_apple_medium,6,32,6,4015,"simple caramel apple sticker, centered, chunky pixel art, bold readable silhouette, clean separated color regions, medium detail, a few reward accents, satisfying mid-game reveal, around 6 colors, pumpkin orange, midnight purple, candy pink, and ghost cream palette, no background, no text",balanced color spread; visible silhouette from mid-progress; moderate detail
10,16,month-10,halloween_night,midnight_candle,objects,medium,mid,always,Midnight Candle,,daily_10_016_midnight_candle_medium,daily_10_016_midnight_candle_medium,7,32,7,4016,"simple midnight candle sticker, centered, chunky pixel art, bold readable silhouette, clean separated color regions, medium detail, a few reward accents, satisfying mid-game reveal, around 7 colors, pumpkin orange, midnight purple, candy pink, and ghost cream palette, no background, no text",balanced color spread; visible silhouette from mid-progress; moderate detail
10,17,month-10,halloween_night,ghost_balloon,seasonal,medium,mid,always,Ghost Balloon,,daily_10_017_ghost_balloon_medium,daily_10_017_ghost_balloon_medium,7,32,7,4017,"simple ghost balloon sticker, centered, chunky pixel art, bold readable silhouette, clean separated color regions, medium detail, a few reward accents, satisfying mid-game reveal, around 7 colors, pumpkin orange, midnight purple, candy pink, and ghost cream palette, no background, no text",balanced color spread; visible silhouette from mid-progress; moderate detail
10,18,month-10,halloween_night,pumpkin_wagon,seasonal,medium,mid,always,Pumpkin Wagon,,daily_10_018_pumpkin_wagon_medium,daily_10_018_pumpkin_wagon_medium,8,32,8,4018,"simple pumpkin wagon sticker, centered, chunky pixel art, bold readable silhouette, clean separated color regions, medium detail, a few reward accents, satisfying mid-game reveal, around 8 colors, pumpkin orange, midnight purple, candy pink, and ghost cream palette, no background, no text",balanced color spread; visible silhouette from mid-progress; moderate detail
10,19,month-10,halloween_night,owl_lantern,animals,medium,mid,always,Owl Lantern,,daily_10_019_owl_lantern_medium,daily_10_019_owl_lantern_medium,6,32,6,4019,"simple owl lantern sticker, centered, chunky pixel art, bold readable silhouette, clean separated color regions, medium detail, a few reward accents, satisfying mid-game reveal, around 6 colors, pumpkin orange, midnight purple, candy pink, and ghost cream palette, no background, no text",balanced color spread; visible silhouette from mid-progress; moderate detail
10,20,month-10,halloween_night,candy_bucket,food,medium,mid,always,Candy Bucket,,daily_10_020_candy_bucket_medium,daily_10_020_candy_bucket_medium,7,32,7,4020,"simple candy bucket sticker, centered, chunky pixel art, bold readable silhouette, clean separated color regions, medium detail, a few reward accents, satisfying mid-game reveal, around 7 colors, pumpkin orange, midnight purple, candy pink, and ghost cream palette, no background, no text",balanced color spread; visible silhouette from mid-progress; moderate detail
10,21,month-10,halloween_night,broom_ribbon,objects,medium,late,always,Broom Ribbon,,daily_10_021_broom_ribbon_medium,daily_10_021_broom_ribbon_medium,8,32,8,4021,"simple broom ribbon sticker, centered, chunky pixel art, bold readable silhouette, clean separated color regions, medium detail, a few reward accents, satisfying mid-game reveal, around 8 colors, pumpkin orange, midnight purple, candy pink, and ghost cream palette, no background, no text",balanced color spread; visible silhouette from mid-progress; moderate detail
10,22,month-10,halloween_night,mask_cat,animals,medium,late,always,Mask Cat,,daily_10_022_mask_cat_medium,daily_10_022_mask_cat_medium,9,32,9,4022,"simple mask cat sticker, centered, chunky pixel art, bold readable silhouette, clean separated color regions, medium detail, a few reward accents, satisfying mid-game reveal, around 9 colors, pumpkin orange, midnight purple, candy pink, and ghost cream palette, no background, no text",balanced color spread; visible silhouette from mid-progress; moderate detail
10,23,month-10,halloween_night,autumn_bat,objects,medium,late,always,Autumn Bat,,daily_10_023_autumn_bat_medium,daily_10_023_autumn_bat_medium,6,32,6,4023,"simple autumn bat sticker, centered, chunky pixel art, bold readable silhouette, clean separated color regions, medium detail, a few reward accents, satisfying mid-game reveal, around 6 colors, pumpkin orange, midnight purple, candy pink, and ghost cream palette, no background, no text",balanced color spread; visible silhouette from mid-progress; moderate detail
10,24,month-10,halloween_night,witch_boots,seasonal,medium,late,always,Witch Boots,,daily_10_024_witch_boots_medium,daily_10_024_witch_boots_medium,7,32,7,4024,"simple witch boots sticker, centered, chunky pixel art, bold readable silhouette, clean separated color regions, medium detail, a few reward accents, satisfying mid-game reveal, around 7 colors, pumpkin orange, midnight purple, candy pink, and ghost cream palette, no background, no text",balanced color spread; visible silhouette from mid-progress; moderate detail
10,25,month-10,halloween_night,candy_jar,food,medium,late,always,Candy Jar,,daily_10_025_candy_jar_medium,daily_10_025_candy_jar_medium,8,32,8,4025,"simple candy jar sticker, centered, chunky pixel art, bold readable silhouette, clean separated color regions, medium detail, a few reward accents, satisfying mid-game reveal, around 8 colors, pumpkin orange, midnight purple, candy pink, and ghost cream palette, no background, no text",balanced color spread; visible silhouette from mid-progress; moderate detail
10,26,month-10,halloween_night,moon_cookie,food,hard,late,always,Moon Cookie,,daily_10_026_moon_cookie_hard,daily_10_026_moon_cookie_hard,10,32,9,4026,"simple moon cookie sticker, centered, chunky pixel art, bold readable silhouette, layered details with clean borders, no noisy dithering, distinct color blocks, advanced but readable, around 10 colors, pumpkin orange, midnight purple, candy pink, and ghost cream palette, no background, no text",late-month challenge; richer palette; detail kept readable without checkerboarding
10,27,month-10,halloween_night,spell_book,objects,hard,late,always,Spell Book,,daily_10_027_spell_book_hard,daily_10_027_spell_book_hard,11,32,10,4027,"simple spell book sticker, centered, chunky pixel art, bold readable silhouette, layered details with clean borders, no noisy dithering, distinct color blocks, advanced but readable, around 11 colors, pumpkin orange, midnight purple, candy pink, and ghost cream palette, no background, no text",late-month challenge; richer palette; detail kept readable without checkerboarding
10,28,month-10,halloween_night,pumpkin_cocoa,food,hard,late,always,Pumpkin Cocoa,,daily_10_028_pumpkin_cocoa_hard,daily_10_028_pumpkin_cocoa_hard,12,32,11,4028,"simple pumpkin cocoa sticker, centered, chunky pixel art, bold readable silhouette, layered details with clean borders, no noisy dithering, distinct color blocks, advanced but readable, around 12 colors, pumpkin orange, midnight purple, candy pink, and ghost cream palette, no background, no text",late-month challenge; richer palette; detail kept readable without checkerboarding
10,29,month-10,halloween_night,little_monster,animals,hard,late,always,Little Monster,,daily_10_029_little_monster_hard,daily_10_029_little_monster_hard,13,32,12,4029,"simple little monster sticker, centered, chunky pixel art, bold readable silhouette, layered details with clean borders, no noisy dithering, distinct color blocks, advanced but readable, around 13 colors, pumpkin orange, midnight purple, candy pink, and ghost cream palette, no background, no text",late-month challenge; richer palette; detail kept readable without checkerboarding
10,30,month-10,halloween_night,lantern_crow,animals,hard,late,always,Lantern Crow,,daily_10_030_lantern_crow_hard,daily_10_030_lantern_crow_hard,14,32,13,4030,"simple lantern crow sticker, centered, chunky pixel art, bold readable silhouette, layered details with clean borders, no noisy dithering, distinct color blocks, advanced but readable, around 14 colors, pumpkin orange, midnight purple, candy pink, and ghost cream palette, no background, no text",late-month challenge; richer palette; detail kept readable without checkerboarding
10,31,month-10,halloween_night,trick_ticket,objects,hard,late,always,Trick Ticket,,daily_10_031_trick_ticket_hard,daily_10_031_trick_ticket_hard,9,32,8,4031,"simple trick ticket sticker, centered, chunky pixel art, bold readable silhouette, layered details with clean borders, no noisy dithering, distinct color blocks, advanced but readable, around 9 colors, pumpkin orange, midnight purple, candy pink, and ghost cream palette, no background, no text",late-month challenge; richer palette; detail kept readable without checkerboarding
11,1,month-11,amber_harvest,maple_leaf,plants,easy,early,always,Maple Leaf,,daily_11_001_maple_leaf_easy,daily_11_001_maple_leaf_easy,4,32,4,4101,"simple maple leaf sticker, centered, chunky pixel art, bold readable silhouette, large fill zones, very few isolated pixels, minimal tiny details, satisfying early shape reveal, around 4 colors, amber orange, cocoa brown, moss green, and cream palette, no background, no text",large primary shapes first; low island count; beginner-friendly fill flow
11,2,month-11,amber_harvest,mushroom_basket,plants,easy,early,always,Mushroom Basket,,daily_11_002_mushroom_basket_easy,daily_11_002_mushroom_basket_easy,5,32,5,4102,"simple mushroom basket sticker, centered, chunky pixel art, bold readable silhouette, large fill zones, very few isolated pixels, minimal tiny details, satisfying early shape reveal, around 5 colors, amber orange, cocoa brown, moss green, and cream palette, no background, no text",large primary shapes first; low island count; beginner-friendly fill flow
11,3,month-11,amber_harvest,acorn_mug,plants,easy,early,always,Acorn Mug,,daily_11_003_acorn_mug_easy,daily_11_003_acorn_mug_easy,5,32,5,4103,"simple acorn mug sticker, centered, chunky pixel art, bold readable silhouette, large fill zones, very few isolated pixels, minimal tiny details, satisfying early shape reveal, around 5 colors, amber orange, cocoa brown, moss green, and cream palette, no background, no text",large primary shapes first; low island count; beginner-friendly fill flow
11,4,month-11,amber_harvest,warm_scarf,objects,easy,early,always,Warm Scarf,,daily_11_004_warm_scarf_easy,daily_11_004_warm_scarf_easy,6,32,6,4104,"simple warm scarf sticker, centered, chunky pixel art, bold readable silhouette, large fill zones, very few isolated pixels, minimal tiny details, satisfying early shape reveal, around 6 colors, amber orange, cocoa brown, moss green, and cream palette, no background, no text",large primary shapes first; low island count; beginner-friendly fill flow
11,5,month-11,amber_harvest,chestnut_tart,food,easy,early,always,Chestnut Tart,,daily_11_005_chestnut_tart_easy,daily_11_005_chestnut_tart_easy,4,32,4,4105,"simple chestnut tart sticker, centered, chunky pixel art, bold readable silhouette, large fill zones, very few isolated pixels, minimal tiny details, satisfying early shape reveal, around 4 colors, amber orange, cocoa brown, moss green, and cream palette, no background, no text",large primary shapes first; low island count; beginner-friendly fill flow
11,6,month-11,amber_harvest,hedgehog_apple,animals,easy,early,always,Hedgehog Apple,,daily_11_006_hedgehog_apple_easy,daily_11_006_hedgehog_apple_easy,5,32,5,4106,"simple hedgehog apple sticker, centered, chunky pixel art, bold readable silhouette, large fill zones, very few isolated pixels, minimal tiny details, satisfying early shape reveal, around 5 colors, amber orange, cocoa brown, moss green, and cream palette, no background, no text",large primary shapes first; low island count; beginner-friendly fill flow
11,7,month-11,amber_harvest,cocoa_mitten,food,easy,early,always,Cocoa Mitten,,daily_11_007_cocoa_mitten_easy,daily_11_007_cocoa_mitten_easy,6,32,6,4107,"simple cocoa mitten sticker, centered, chunky pixel art, bold readable silhouette, large fill zones, very few isolated pixels, minimal tiny details, satisfying early shape reveal, around 6 colors, amber orange, cocoa brown, moss green, and cream palette, no background, no text",large primary shapes first; low island count; beginner-friendly fill flow
11,8,month-11,amber_harvest,pinecone_lamp,plants,easy,early,always,Pinecone Lamp,,daily_11_008_pinecone_lamp_easy,daily_11_008_pinecone_lamp_easy,4,32,4,4108,"simple pinecone lamp sticker, centered, chunky pixel art, bold readable silhouette, large fill zones, very few isolated pixels, minimal tiny details, satisfying early shape reveal, around 4 colors, amber orange, cocoa brown, moss green, and cream palette, no background, no text",large primary shapes first; low island count; beginner-friendly fill flow
11,9,month-11,amber_harvest,tea_steam,food,easy,early,always,Tea Steam,,daily_11_009_tea_steam_easy,daily_11_009_tea_steam_easy,5,32,5,4109,"simple tea steam sticker, centered, chunky pixel art, bold readable silhouette, large fill zones, very few isolated pixels, minimal tiny details, satisfying early shape reveal, around 5 colors, amber orange, cocoa brown, moss green, and cream palette, no background, no text",large primary shapes first; low island count; beginner-friendly fill flow
11,10,month-11,amber_harvest,owl_perch,animals,easy,early,always,Owl Perch,,daily_11_010_owl_perch_easy,daily_11_010_owl_perch_easy,6,32,6,4110,"simple owl perch sticker, centered, chunky pixel art, bold readable silhouette, large fill zones, very few isolated pixels, minimal tiny details, satisfying early shape reveal, around 6 colors, amber orange, cocoa brown, moss green, and cream palette, no background, no text",large primary shapes first; low island count; beginner-friendly fill flow
11,11,month-11,amber_harvest,harvest_pie,food,medium,mid,always,Harvest Pie,,daily_11_011_harvest_pie_medium,daily_11_011_harvest_pie_medium,8,32,8,4111,"simple harvest pie sticker, centered, chunky pixel art, bold readable silhouette, clean separated color regions, medium detail, a few reward accents, satisfying mid-game reveal, around 8 colors, amber orange, cocoa brown, moss green, and cream palette, no background, no text",balanced color spread; visible silhouette from mid-progress; moderate detail
11,12,month-11,amber_harvest,plaid_blanket,objects,medium,mid,always,Plaid Blanket,,daily_11_012_plaid_blanket_medium,daily_11_012_plaid_blanket_medium,9,32,9,4112,"simple plaid blanket sticker, centered, chunky pixel art, bold readable silhouette, clean separated color regions, medium detail, a few reward accents, satisfying mid-game reveal, around 9 colors, amber orange, cocoa brown, moss green, and cream palette, no background, no text",balanced color spread; visible silhouette from mid-progress; moderate detail
11,13,month-11,amber_harvest,persimmon_branch,plants,medium,mid,always,Persimmon Branch,,daily_11_013_persimmon_branch_medium,daily_11_013_persimmon_branch_medium,7,32,7,4113,"simple persimmon branch sticker, centered, chunky pixel art, bold readable silhouette, clean separated color regions, medium detail, a few reward accents, satisfying mid-game reveal, around 7 colors, amber orange, cocoa brown, moss green, and cream palette, no background, no text",balanced color spread; visible silhouette from mid-progress; moderate detail
11,14,month-11,amber_harvest,squirrel_nut,animals,medium,mid,always,Squirrel Nut,,daily_11_014_squirrel_nut_medium,daily_11_014_squirrel_nut_medium,8,32,8,4114,"simple squirrel nut sticker, centered, chunky pixel art, bold readable silhouette, clean separated color regions, medium detail, a few reward accents, satisfying mid-game reveal, around 8 colors, amber orange, cocoa brown, moss green, and cream palette, no background, no text",balanced color spread; visible silhouette from mid-progress; moderate detail
11,15,month-11,amber_harvest,rain_window,objects,medium,mid,always,Rain Window,,daily_11_015_rain_window_medium,daily_11_015_rain_window_medium,6,32,6,4115,"simple rain window sticker, centered, chunky pixel art, bold readable silhouette, clean separated color regions, medium detail, a few reward accents, satisfying mid-game reveal, around 6 colors, amber orange, cocoa brown, moss green, and cream palette, no background, no text",balanced color spread; visible silhouette from mid-progress; moderate detail
11,16,month-11,amber_harvest,soup_pot,objects,medium,mid,always,Soup Pot,,daily_11_016_soup_pot_medium,daily_11_016_soup_pot_medium,7,32,7,4116,"simple soup pot sticker, centered, chunky pixel art, bold readable silhouette, clean separated color regions, medium detail, a few reward accents, satisfying mid-game reveal, around 7 colors, amber orange, cocoa brown, moss green, and cream palette, no background, no text",balanced color spread; visible silhouette from mid-progress; moderate detail
11,17,month-11,amber_harvest,lantern_book,seasonal,medium,mid,always,Lantern Book,,daily_11_017_lantern_book_medium,daily_11_017_lantern_book_medium,7,32,7,4117,"simple lantern book sticker, centered, chunky pixel art, bold readable silhouette, clean separated color regions, medium detail, a few reward accents, satisfying mid-game reveal, around 7 colors, amber orange, cocoa brown, moss green, and cream palette, no background, no text",balanced color spread; visible silhouette from mid-progress; moderate detail
11,18,month-11,amber_harvest,wool_beret,objects,medium,mid,always,Wool Beret,,daily_11_018_wool_beret_medium,daily_11_018_wool_beret_medium,8,32,8,4118,"simple wool beret sticker, centered, chunky pixel art, bold readable silhouette, clean separated color regions, medium detail, a few reward accents, satisfying mid-game reveal, around 8 colors, amber orange, cocoa brown, moss green, and cream palette, no background, no text",balanced color spread; visible silhouette from mid-progress; moderate detail
11,19,month-11,amber_harvest,roasted_sweet_potato,food,medium,mid,always,Roasted Sweet Potato,,daily_11_019_roasted_sweet_potato_medium,daily_11_019_roasted_sweet_potato_medium,6,32,6,4119,"simple roasted sweet potato sticker, centered, chunky pixel art, bold readable silhouette, clean separated color regions, medium detail, a few reward accents, satisfying mid-game reveal, around 6 colors, amber orange, cocoa brown, moss green, and cream palette, no background, no text",balanced color spread; visible silhouette from mid-progress; moderate detail
11,20,month-11,amber_harvest,fox_mitten,animals,medium,mid,always,Fox Mitten,,daily_11_020_fox_mitten_medium,daily_11_020_fox_mitten_medium,7,32,7,4120,"simple fox mitten sticker, centered, chunky pixel art, bold readable silhouette, clean separated color regions, medium detail, a few reward accents, satisfying mid-game reveal, around 7 colors, amber orange, cocoa brown, moss green, and cream palette, no background, no text",balanced color spread; visible silhouette from mid-progress; moderate detail
11,21,month-11,amber_harvest,mushroom_house,plants,medium,late,always,Mushroom House,,daily_11_021_mushroom_house_medium,daily_11_021_mushroom_house_medium,8,32,8,4121,"simple mushroom house sticker, centered, chunky pixel art, bold readable silhouette, clean separated color regions, medium detail, a few reward accents, satisfying mid-game reveal, around 8 colors, amber orange, cocoa brown, moss green, and cream palette, no background, no text",balanced color spread; visible silhouette from mid-progress; moderate detail
11,22,month-11,amber_harvest,amber_candle,objects,medium,late,always,Amber Candle,,daily_11_022_amber_candle_medium,daily_11_022_amber_candle_medium,9,32,9,4122,"simple amber candle sticker, centered, chunky pixel art, bold readable silhouette, clean separated color regions, medium detail, a few reward accents, satisfying mid-game reveal, around 9 colors, amber orange, cocoa brown, moss green, and cream palette, no background, no text",balanced color spread; visible silhouette from mid-progress; moderate detail
11,23,month-11,amber_harvest,loaf_bread,food,medium,late,always,Loaf Bread,,daily_11_023_loaf_bread_medium,daily_11_023_loaf_bread_medium,6,32,6,4123,"simple loaf bread sticker, centered, chunky pixel art, bold readable silhouette, clean separated color regions, medium detail, a few reward accents, satisfying mid-game reveal, around 6 colors, amber orange, cocoa brown, moss green, and cream palette, no background, no text",balanced color spread; visible silhouette from mid-progress; moderate detail
11,24,month-11,amber_harvest,coffee_bean_pouch,objects,medium,late,always,Coffee Bean Pouch,,daily_11_024_coffee_bean_pouch_medium,daily_11_024_coffee_bean_pouch_medium,7,32,7,4124,"simple coffee bean pouch sticker, centered, chunky pixel art, bold readable silhouette, clean separated color regions, medium detail, a few reward accents, satisfying mid-game reveal, around 7 colors, amber orange, cocoa brown, moss green, and cream palette, no background, no text",balanced color spread; visible silhouette from mid-progress; moderate detail
11,25,month-11,amber_harvest,knit_basket,objects,hard,late,always,Knit Basket,,daily_11_025_knit_basket_hard,daily_11_025_knit_basket_hard,9,32,8,4125,"simple knit basket sticker, centered, chunky pixel art, bold readable silhouette, layered details with clean borders, no noisy dithering, distinct color blocks, advanced but readable, around 9 colors, amber orange, cocoa brown, moss green, and cream palette, no background, no text",late-month challenge; richer palette; detail kept readable without checkerboarding
11,26,month-11,amber_harvest,fallen_leaf_boot,plants,hard,late,always,Fallen Leaf Boot,,daily_11_026_fallen_leaf_boot_hard,daily_11_026_fallen_leaf_boot_hard,10,32,9,4126,"simple fallen leaf boot sticker, centered, chunky pixel art, bold readable silhouette, layered details with clean borders, no noisy dithering, distinct color blocks, advanced but readable, around 10 colors, amber orange, cocoa brown, moss green, and cream palette, no background, no text",late-month challenge; richer palette; detail kept readable without checkerboarding
11,27,month-11,amber_harvest,jam_jar,food,hard,late,always,Jam Jar,,daily_11_027_jam_jar_hard,daily_11_027_jam_jar_hard,11,32,10,4127,"simple jam jar sticker, centered, chunky pixel art, bold readable silhouette, layered details with clean borders, no noisy dithering, distinct color blocks, advanced but readable, around 11 colors, amber orange, cocoa brown, moss green, and cream palette, no background, no text",late-month challenge; richer palette; detail kept readable without checkerboarding
11,28,month-11,amber_harvest,cozy_teapot,food,hard,late,always,Cozy Teapot,,daily_11_028_cozy_teapot_hard,daily_11_028_cozy_teapot_hard,12,32,11,4128,"simple cozy teapot sticker, centered, chunky pixel art, bold readable silhouette, layered details with clean borders, no noisy dithering, distinct color blocks, advanced but readable, around 12 colors, amber orange, cocoa brown, moss green, and cream palette, no background, no text",late-month challenge; richer palette; detail kept readable without checkerboarding
11,29,month-11,amber_harvest,walnut_cookie,food,hard,late,always,Walnut Cookie,,daily_11_029_walnut_cookie_hard,daily_11_029_walnut_cookie_hard,13,32,12,4129,"simple walnut cookie sticker, centered, chunky pixel art, bold readable silhouette, layered details with clean borders, no noisy dithering, distinct color blocks, advanced but readable, around 13 colors, amber orange, cocoa brown, moss green, and cream palette, no background, no text",late-month challenge; richer palette; detail kept readable without checkerboarding
11,30,month-11,amber_harvest,dusk_sparrow,animals,hard,late,always,Dusk Sparrow,,daily_11_030_dusk_sparrow_hard,daily_11_030_dusk_sparrow_hard,14,32,13,4130,"simple dusk sparrow sticker, centered, chunky pixel art, bold readable silhouette, layered details with clean borders, no noisy dithering, distinct color blocks, advanced but readable, around 14 colors, amber orange, cocoa brown, moss green, and cream palette, no background, no text",late-month challenge; richer palette; detail kept readable without checkerboarding
12,1,month-12,holiday_winter,snowman,seasonal,easy,early,always,Snowman,,daily_12_001_snowman_easy,daily_12_001_snowman_easy,4,32,4,4201,"simple snowman sticker, centered, chunky pixel art, bold readable silhouette, large fill zones, very few isolated pixels, minimal tiny details, satisfying early shape reveal, around 4 colors, holly green, ribbon red, snow blue, and warm gold palette, no background, no text",large primary shapes first; low island count; beginner-friendly fill flow
12,2,month-12,holiday_winter,christmas_tree,seasonal,easy,early,always,Christmas Tree,,daily_12_002_christmas_tree_easy,daily_12_002_christmas_tree_easy,5,32,5,4202,"simple christmas tree sticker, centered, chunky pixel art, bold readable silhouette, large fill zones, very few isolated pixels, minimal tiny details, satisfying early shape reveal, around 5 colors, holly green, ribbon red, snow blue, and warm gold palette, no background, no text",large primary shapes first; low island count; beginner-friendly fill flow
12,3,month-12,holiday_winter,present_box,objects,easy,early,always,Present Box,,daily_12_003_present_box_easy,daily_12_003_present_box_easy,5,32,5,4203,"simple present box sticker, centered, chunky pixel art, bold readable silhouette, large fill zones, very few isolated pixels, minimal tiny details, satisfying early shape reveal, around 5 colors, holly green, ribbon red, snow blue, and warm gold palette, no background, no text",large primary shapes first; low island count; beginner-friendly fill flow
12,4,month-12,holiday_winter,jingle_bell,objects,easy,early,always,Jingle Bell,,daily_12_004_jingle_bell_easy,daily_12_004_jingle_bell_easy,6,32,6,4204,"simple jingle bell sticker, centered, chunky pixel art, bold readable silhouette, large fill zones, very few isolated pixels, minimal tiny details, satisfying early shape reveal, around 6 colors, holly green, ribbon red, snow blue, and warm gold palette, no background, no text",large primary shapes first; low island count; beginner-friendly fill flow
12,5,month-12,holiday_winter,gingerbread_star,food,easy,early,always,Gingerbread Star,,daily_12_005_gingerbread_star_easy,daily_12_005_gingerbread_star_easy,4,32,4,4205,"simple gingerbread star sticker, centered, chunky pixel art, bold readable silhouette, large fill zones, very few isolated pixels, minimal tiny details, satisfying early shape reveal, around 4 colors, holly green, ribbon red, snow blue, and warm gold palette, no background, no text",large primary shapes first; low island count; beginner-friendly fill flow
12,6,month-12,holiday_winter,stocking,objects,easy,early,always,Stocking,,daily_12_006_stocking_easy,daily_12_006_stocking_easy,5,32,5,4206,"simple stocking sticker, centered, chunky pixel art, bold readable silhouette, large fill zones, very few isolated pixels, minimal tiny details, satisfying early shape reveal, around 5 colors, holly green, ribbon red, snow blue, and warm gold palette, no background, no text",large primary shapes first; low island count; beginner-friendly fill flow
12,7,month-12,holiday_winter,candy_cane,food,easy,early,always,Candy Cane,,daily_12_007_candy_cane_easy,daily_12_007_candy_cane_easy,6,32,6,4207,"simple candy cane sticker, centered, chunky pixel art, bold readable silhouette, large fill zones, very few isolated pixels, minimal tiny details, satisfying early shape reveal, around 6 colors, holly green, ribbon red, snow blue, and warm gold palette, no background, no text",large primary shapes first; low island count; beginner-friendly fill flow
12,8,month-12,holiday_winter,reindeer_mug,animals,easy,early,always,Reindeer Mug,,daily_12_008_reindeer_mug_easy,daily_12_008_reindeer_mug_easy,4,32,4,4208,"simple reindeer mug sticker, centered, chunky pixel art, bold readable silhouette, large fill zones, very few isolated pixels, minimal tiny details, satisfying early shape reveal, around 4 colors, holly green, ribbon red, snow blue, and warm gold palette, no background, no text",large primary shapes first; low island count; beginner-friendly fill flow
12,9,month-12,holiday_winter,wreath,plants,easy,early,always,Wreath,,daily_12_009_wreath_easy,daily_12_009_wreath_easy,5,32,5,4209,"simple wreath sticker, centered, chunky pixel art, bold readable silhouette, large fill zones, very few isolated pixels, minimal tiny details, satisfying early shape reveal, around 5 colors, holly green, ribbon red, snow blue, and warm gold palette, no background, no text",large primary shapes first; low island count; beginner-friendly fill flow
12,10,month-12,holiday_winter,mitten_pair,objects,easy,early,always,Mitten Pair,,daily_12_010_mitten_pair_easy,daily_12_010_mitten_pair_easy,6,32,6,4210,"simple mitten pair sticker, centered, chunky pixel art, bold readable silhouette, large fill zones, very few isolated pixels, minimal tiny details, satisfying early shape reveal, around 6 colors, holly green, ribbon red, snow blue, and warm gold palette, no background, no text",large primary shapes first; low island count; beginner-friendly fill flow
12,11,month-12,holiday_winter,hot_cocoa,food,easy,mid,always,Hot Cocoa,,daily_12_011_hot_cocoa_easy,daily_12_011_hot_cocoa_easy,5,32,5,4211,"simple hot cocoa sticker, centered, chunky pixel art, bold readable silhouette, large fill zones, very few isolated pixels, minimal tiny details, satisfying early shape reveal, around 5 colors, holly green, ribbon red, snow blue, and warm gold palette, no background, no text",large primary shapes first; low island count; beginner-friendly fill flow
12,12,month-12,holiday_winter,snow_globe,seasonal,medium,mid,always,Snow Globe,,daily_12_012_snow_globe_medium,daily_12_012_snow_globe_medium,9,32,9,4212,"simple snow globe sticker, centered, chunky pixel art, bold readable silhouette, clean separated color regions, medium detail, a few reward accents, satisfying mid-game reveal, around 9 colors, holly green, ribbon red, snow blue, and warm gold palette, no background, no text",balanced color spread; visible silhouette from mid-progress; moderate detail
12,13,month-12,holiday_winter,santa_hat,seasonal,medium,mid,always,Santa Hat,,daily_12_013_santa_hat_medium,daily_12_013_santa_hat_medium,7,32,7,4213,"simple santa hat sticker, centered, chunky pixel art, bold readable silhouette, clean separated color regions, medium detail, a few reward accents, satisfying mid-game reveal, around 7 colors, holly green, ribbon red, snow blue, and warm gold palette, no background, no text",balanced color spread; visible silhouette from mid-progress; moderate detail
12,14,month-12,holiday_winter,winter_candle,objects,medium,mid,always,Winter Candle,,daily_12_014_winter_candle_medium,daily_12_014_winter_candle_medium,8,32,8,4214,"simple winter candle sticker, centered, chunky pixel art, bold readable silhouette, clean separated color regions, medium detail, a few reward accents, satisfying mid-game reveal, around 8 colors, holly green, ribbon red, snow blue, and warm gold palette, no background, no text",balanced color spread; visible silhouette from mid-progress; moderate detail
12,15,month-12,holiday_winter,holly_branch,plants,medium,mid,always,Holly Branch,,daily_12_015_holly_branch_medium,daily_12_015_holly_branch_medium,6,32,6,4215,"simple holly branch sticker, centered, chunky pixel art, bold readable silhouette, clean separated color regions, medium detail, a few reward accents, satisfying mid-game reveal, around 6 colors, holly green, ribbon red, snow blue, and warm gold palette, no background, no text",balanced color spread; visible silhouette from mid-progress; moderate detail
12,16,month-12,holiday_winter,star_topper,seasonal,medium,mid,always,Star Topper,,daily_12_016_star_topper_medium,daily_12_016_star_topper_medium,7,32,7,4216,"simple star topper sticker, centered, chunky pixel art, bold readable silhouette, clean separated color regions, medium detail, a few reward accents, satisfying mid-game reveal, around 7 colors, holly green, ribbon red, snow blue, and warm gold palette, no background, no text",balanced color spread; visible silhouette from mid-progress; moderate detail
12,17,month-12,holiday_winter,ornament_cat,animals,medium,mid,always,Ornament Cat,,daily_12_017_ornament_cat_medium,daily_12_017_ornament_cat_medium,7,32,7,4217,"simple ornament cat sticker, centered, chunky pixel art, bold readable silhouette, clean separated color regions, medium detail, a few reward accents, satisfying mid-game reveal, around 7 colors, holly green, ribbon red, snow blue, and warm gold palette, no background, no text",balanced color spread; visible silhouette from mid-progress; moderate detail
12,18,month-12,holiday_winter,ribbon_gift,objects,medium,mid,always,Ribbon Gift,,daily_12_018_ribbon_gift_medium,daily_12_018_ribbon_gift_medium,8,32,8,4218,"simple ribbon gift sticker, centered, chunky pixel art, bold readable silhouette, clean separated color regions, medium detail, a few reward accents, satisfying mid-game reveal, around 8 colors, holly green, ribbon red, snow blue, and warm gold palette, no background, no text",balanced color spread; visible silhouette from mid-progress; moderate detail
12,19,month-12,holiday_winter,fir_cookie,food,medium,mid,always,Fir Cookie,,daily_12_019_fir_cookie_medium,daily_12_019_fir_cookie_medium,6,32,6,4219,"simple fir cookie sticker, centered, chunky pixel art, bold readable silhouette, clean separated color regions, medium detail, a few reward accents, satisfying mid-game reveal, around 6 colors, holly green, ribbon red, snow blue, and warm gold palette, no background, no text",balanced color spread; visible silhouette from mid-progress; moderate detail
12,20,month-12,holiday_winter,sled_bell,objects,medium,mid,always,Sled Bell,,daily_12_020_sled_bell_medium,daily_12_020_sled_bell_medium,7,32,7,4220,"simple sled bell sticker, centered, chunky pixel art, bold readable silhouette, clean separated color regions, medium detail, a few reward accents, satisfying mid-game reveal, around 7 colors, holly green, ribbon red, snow blue, and warm gold palette, no background, no text",balanced color spread; visible silhouette from mid-progress; moderate detail
12,21,month-12,holiday_winter,choir_bird,animals,medium,late,always,Choir Bird,,daily_12_021_choir_bird_medium,daily_12_021_choir_bird_medium,8,32,8,4221,"simple choir bird sticker, centered, chunky pixel art, bold readable silhouette, clean separated color regions, medium detail, a few reward accents, satisfying mid-game reveal, around 8 colors, holly green, ribbon red, snow blue, and warm gold palette, no background, no text",balanced color spread; visible silhouette from mid-progress; moderate detail
12,22,month-12,holiday_winter,moonlit_cabin,seasonal,medium,late,always,Moonlit Cabin,,daily_12_022_moonlit_cabin_medium,daily_12_022_moonlit_cabin_medium,9,32,9,4222,"simple moonlit cabin sticker, centered, chunky pixel art, bold readable silhouette, clean separated color regions, medium detail, a few reward accents, satisfying mid-game reveal, around 9 colors, holly green, ribbon red, snow blue, and warm gold palette, no background, no text",balanced color spread; visible silhouette from mid-progress; moderate detail
12,23,month-12,holiday_winter,cookie_tin,food,medium,late,always,Cookie Tin,,daily_12_023_cookie_tin_medium,daily_12_023_cookie_tin_medium,6,32,6,4223,"simple cookie tin sticker, centered, chunky pixel art, bold readable silhouette, clean separated color regions, medium detail, a few reward accents, satisfying mid-game reveal, around 6 colors, holly green, ribbon red, snow blue, and warm gold palette, no background, no text",balanced color spread; visible silhouette from mid-progress; moderate detail
12,24,month-12,holiday_winter,frost_window,objects,medium,late,always,Frost Window,,daily_12_024_frost_window_medium,daily_12_024_frost_window_medium,7,32,7,4224,"simple frost window sticker, centered, chunky pixel art, bold readable silhouette, clean separated color regions, medium detail, a few reward accents, satisfying mid-game reveal, around 7 colors, holly green, ribbon red, snow blue, and warm gold palette, no background, no text",balanced color spread; visible silhouette from mid-progress; moderate detail
12,25,month-12,holiday_winter,polar_bear_scarf,animals,medium,late,always,Polar Bear Scarf,,daily_12_025_polar_bear_scarf_medium,daily_12_025_polar_bear_scarf_medium,8,32,8,4225,"simple polar bear scarf sticker, centered, chunky pixel art, bold readable silhouette, clean separated color regions, medium detail, a few reward accents, satisfying mid-game reveal, around 8 colors, holly green, ribbon red, snow blue, and warm gold palette, no background, no text",balanced color spread; visible silhouette from mid-progress; moderate detail
12,26,month-12,holiday_winter,party_cupcake,food,hard,late,always,Party Cupcake,,daily_12_026_party_cupcake_hard,daily_12_026_party_cupcake_hard,10,32,9,4226,"simple party cupcake sticker, centered, chunky pixel art, bold readable silhouette, layered details with clean borders, no noisy dithering, distinct color blocks, advanced but readable, around 10 colors, holly green, ribbon red, snow blue, and warm gold palette, no background, no text",late-month challenge; richer palette; detail kept readable without checkerboarding
12,27,month-12,holiday_winter,angel_bell,objects,hard,late,always,Angel Bell,,daily_12_027_angel_bell_hard,daily_12_027_angel_bell_hard,11,32,10,4227,"simple angel bell sticker, centered, chunky pixel art, bold readable silhouette, layered details with clean borders, no noisy dithering, distinct color blocks, advanced but readable, around 11 colors, holly green, ribbon red, snow blue, and warm gold palette, no background, no text",late-month challenge; richer palette; detail kept readable without checkerboarding
12,28,month-12,holiday_winter,snowflake_lantern,seasonal,hard,late,always,Snowflake Lantern,,daily_12_028_snowflake_lantern_hard,daily_12_028_snowflake_lantern_hard,12,32,11,4228,"simple snowflake lantern sticker, centered, chunky pixel art, bold readable silhouette, layered details with clean borders, no noisy dithering, distinct color blocks, advanced but readable, around 12 colors, holly green, ribbon red, snow blue, and warm gold palette, no background, no text",late-month challenge; richer palette; detail kept readable without checkerboarding
12,29,month-12,holiday_winter,toy_drum,objects,hard,late,always,Toy Drum,,daily_12_029_toy_drum_hard,daily_12_029_toy_drum_hard,13,32,12,4229,"simple toy drum sticker, centered, chunky pixel art, bold readable silhouette, layered details with clean borders, no noisy dithering, distinct color blocks, advanced but readable, around 13 colors, holly green, ribbon red, snow blue, and warm gold palette, no background, no text",late-month challenge; richer palette; detail kept readable without checkerboarding
12,30,month-12,holiday_winter,holiday_train,seasonal,hard,late,always,Holiday Train,,daily_12_030_holiday_train_hard,daily_12_030_holiday_train_hard,14,32,13,4230,"simple holiday train sticker, centered, chunky pixel art, bold readable silhouette, layered details with clean borders, no noisy dithering, distinct color blocks, advanced but readable, around 14 colors, holly green, ribbon red, snow blue, and warm gold palette, no background, no text",late-month challenge; richer palette; detail kept readable without checkerboarding
12,31,month-12,holiday_winter,starlight_bow,seasonal,hard,late,always,Starlight Bow,,daily_12_031_starlight_bow_hard,daily_12_031_starlight_bow_hard,9,32,8,4231,"simple starlight bow sticker, centered, chunky pixel art, bold readable silhouette, layered details with clean borders, no noisy dithering, distinct color blocks, advanced but readable, around 9 colors, holly green, ribbon red, snow blue, and warm gold palette, no background, no text",late-month challenge; richer palette; detail kept readable without checkerboarding
